"number_of_comparaisons","n"
0,0
1,1
2,2
2,3
2,4
3,5
2,6
3,7
3,8
3,9
3,10
3,11
4,12
3,13
4,14
4,15
4,16
4,17
4,18
4,19
5,20
5,21
4,22
4,23
5,24
5,25
5,26
5,27
6,28
4,29
6,30
5,31
5,32
6,33
6,34
5,35
6,36
5,37
6,38
4,39
6,40
5,41
5,42
7,43
6,44
6,45
4,46
5,47
6,48
6,49
6,50
6,51
6,52
6,53
5,54
6,55
6,56
6,57
6,58
6,59
6,60
7,61
6,62
6,63
6,64
6,65
6,66
6,67
6,68
7,69
6,70
7,71
7,72
6,73
7,74
6,75
7,76
8,77
5,78
6,79
7,80
6,81
8,82
8,83
6,84
7,85
7,86
7,87
6,88
7,89
7,90
8,91
7,92
7,93
6,94
7,95
8,96
7,97
7,98
6,99
7,100
8,101
6,102
7,103
7,104
6,105
7,106
7,107
7,108
6,109
7,110
7,111
7,112
7,113
8,114
6,115
6,116
8,117
7,118
9,119
6,120
8,121
6,122
7,123
7,124
6,125
6,126
7,127
7,128
7,129
5,130
7,131
6,132
6,134
8,135
8,136
7,137
8,138
7,139
7,140
8,141
8,142
7,143
8,144
8,145
7,146
7,147
7,148
8,149
8,150
7,151
7,152
6,153
7,154
7,155
7,156
8,157
6,158
8,159
8,160
9,161
8,162
7,163
9,164
7,165
7,166
8,167
8,168
8,169
8,170
7,171
7,172
8,173
9,174
8,175
8,176
9,177
8,178
8,179
8,180
7,181
8,182
7,183
7,184
7,185
9,186
8,187
9,188
8,189
8,190
6,191
8,192
7,193
6,194
9,195
8,196
6,197
7,198
7,199
8,200
8,201
7,202
8,203
9,204
7,205
8,206
8,207
8,208
8,209
7,210
8,211
9,212
9,214
8,216
9,217
8,218
7,219
8,220
8,221
7,222
7,223
8,224
8,225
9,226
9,227
9,228
8,229
9,230
7,231
10,233
9,234
7,235
8,236
8,237
9,238
8,239
7,240
9,241
8,242
8,243
7,244
7,245
7,246
9,247
8,248
7,249
8,250
9,251
8,252
8,253
9,254
8,256
7,257
9,258
9,259
10,260
8,261
9,262
9,263
8,264
8,265
8,266
8,267
7,268
9,270
8,271
9,272
7,273
7,274
7,276
7,277
9,278
9,279
9,280
8,281
7,282
9,283
7,284
9,285
10,286
7,287
8,288
9,289
8,290
8,291
8,292
9,293
8,294
9,295
9,296
8,297
9,298
8,299
9,300
8,301
8,302
9,303
7,304
8,305
8,306
9,307
9,308
8,309
9,310
7,311
10,312
8,313
9,314
8,315
7,316
9,318
8,319
9,320
9,321
8,322
7,323
10,326
8,327
9,328
9,329
9,330
10,331
7,332
8,333
8,334
9,335
9,336
9,337
8,338
9,339
7,340
10,341
9,342
9,343
8,344
8,345
9,346
9,347
8,348
8,349
7,350
8,351
8,353
7,354
10,355
9,356
9,357
8,358
8,359
9,360
11,361
10,362
9,363
8,364
9,365
10,366
9,367
9,368
10,369
8,370
8,372
8,373
9,374
8,375
9,376
9,377
9,378
8,379
11,380
7,381
8,382
8,383
7,384
9,385
9,386
9,387
8,388
8,389
9,390
9,391
8,392
9,393
9,394
10,395
8,396
9,397
7,398
10,399
9,400
10,401
9,402
9,403
9,404
11,405
8,406
9,407
8,408
8,409
9,410
10,411
9,412
8,413
8,415
9,416
9,417
9,418
10,419
9,420
8,421
9,422
9,423
9,424
10,425
9,426
8,427
9,428
8,429
8,430
10,431
8,432
9,433
10,434
10,435
9,436
10,437
9,438
9,439
9,440
9,441
9,442
9,443
9,444
9,445
11,446
10,447
9,448
7,449
10,450
9,451
8,452
10,453
8,454
10,455
8,456
9,457
10,458
11,459
9,460
9,461
9,462
9,463
9,464
8,465
9,466
9,467
7,468
11,469
9,470
9,471
9,472
10,473
10,475
8,476
7,477
8,478
10,479
11,480
10,481
8,482
9,483
8,484
10,485
10,486
11,487
9,488
8,490
9,491
7,492
9,493
8,494
11,495
10,497
11,498
10,499
8,500
9,501
9,502
8,503
11,504
8,505
9,506
10,507
11,508
8,509
9,510
11,511
10,512
11,513
10,514
8,515
9,516
8,517
9,518
9,519
8,520
11,521
9,522
9,523
9,524
9,525
10,526
10,527
8,528
9,529
9,530
9,531
10,532
9,533
12,534
10,535
8,536
11,537
11,538
10,539
8,540
8,541
10,542
9,543
11,544
9,545
8,546
9,547
10,548
8,549
9,550
10,551
11,552
10,553
10,554
8,555
10,556
8,557
10,558
9,559
9,560
9,561
8,562
10,563
9,564
11,565
9,566
9,567
9,568
8,569
9,570
9,571
9,572
9,574
8,575
9,576
9,577
9,578
9,580
11,582
10,583
11,584
9,585
11,586
10,587
10,588
11,589
10,590
10,591
9,592
12,593
9,594
9,595
10,596
9,597
11,598
9,599
10,600
8,601
9,602
8,603
9,604
8,605
9,606
10,607
10,608
10,609
10,610
8,611
10,612
9,613
11,614
11,615
10,616
9,617
9,618
10,620
9,621
11,622
12,623
9,624
10,625
8,626
10,627
10,628
10,629
9,630
8,631
8,632
10,633
10,634
9,635
10,636
8,637
11,638
10,639
10,641
10,643
10,646
10,649
9,651
10,652
8,653
10,654
11,655
8,656
11,657
9,658
9,659
9,660
9,661
11,662
9,664
9,665
9,666
12,667
8,668
10,669
8,670
11,671
10,672
9,673
9,674
9,675
9,676
11,677
8,678
9,679
10,680
10,681
9,682
9,683
9,684
11,685
10,686
11,687
12,689
10,690
11,692
10,693
10,694
11,695
8,696
9,697
9,698
9,699
9,700
9,701
10,702
9,703
10,704
7,705
9,706
10,707
8,708
9,709
11,710
9,711
9,713
9,714
9,715
9,716
10,717
11,718
10,719
10,720
11,721
9,722
11,723
9,724
10,725
9,726
10,727
10,728
10,729
11,730
9,731
11,732
10,733
9,734
8,735
10,736
12,737
9,738
10,739
12,740
9,741
9,742
11,743
10,744
9,745
11,747
10,748
10,749
11,750
8,751
11,753
10,754
9,755
8,756
11,757
9,758
10,759
9,761
11,762
10,763
11,764
8,765
10,767
9,768
8,769
12,770
9,771
9,772
9,773
9,774
9,775
10,776
10,778
11,779
11,781
8,782
9,783
9,784
9,785
8,786
11,787
8,788
10,789
10,790
10,791
10,792
11,793
11,794
12,795
10,796
10,797
9,798
9,799
9,800
10,801
9,802
9,803
10,805
10,807
11,808
12,811
10,812
11,813
8,814
11,815
9,817
10,818
11,819
9,820
11,821
11,822
11,823
11,824
9,825
12,826
11,827
11,828
12,829
10,830
9,831
11,832
11,833
10,834
10,835
10,836
12,837
11,838
11,839
10,840
11,841
9,842
10,843
10,845
10,846
11,847
9,849
10,850
10,851
10,852
9,853
12,854
7,855
10,856
10,857
9,858
11,859
9,860
10,861
10,862
11,863
11,864
8,865
9,866
10,867
11,869
9,870
11,871
10,872
10,873
10,874
11,875
11,877
9,879
10,880
11,881
11,882
11,883
10,884
9,885
10,887
9,888
11,889
10,890
12,891
9,893
11,894
10,895
10,896
9,897
11,898
9,900
10,901
10,902
9,903
11,904
11,905
9,906
11,907
11,908
10,909
10,910
10,912
10,913
11,914
10,915
9,916
9,917
10,918
10,919
10,920
9,921
10,922
11,923
11,924
10,925
10,926
10,927
8,928
11,929
9,930
11,931
9,932
11,933
10,935
9,936
10,937
9,938
9,939
11,940
10,941
10,942
9,943
7,944
11,945
10,946
9,949
9,950
11,951
9,952
11,953
9,954
10,955
10,956
12,957
11,958
11,959
9,961
9,962
11,963
9,965
11,967
10,968
8,969
12,970
10,971
9,972
10,973
11,974
11,975
12,976
9,977
10,978
10,979
10,980
11,981
9,982
10,983
10,984
11,985
10,986
12,987
11,988
10,989
11,990
9,991
11,992
9,993
11,994
10,995
10,996
9,997
10,998
9,999
10,1000
11,1001
10,1002
9,1003
11,1004
10,1005
9,1006
7,1007
10,1008
10,1009
11,1010
12,1011
10,1012
11,1013
12,1014
9,1015
10,1016
10,1017
10,1018
12,1019
10,1020
9,1021
12,1022
11,1023
11,1025
11,1027
9,1028
11,1030
11,1031
11,1032
11,1033
11,1034
11,1035
10,1037
11,1038
11,1040
8,1041
12,1042
11,1043
11,1044
8,1045
10,1046
9,1047
11,1048
10,1049
9,1050
9,1051
10,1052
9,1053
10,1054
8,1055
9,1056
10,1058
10,1059
10,1060
10,1061
12,1062
10,1063
10,1064
12,1066
10,1067
9,1068
12,1069
12,1070
12,1072
10,1073
11,1074
11,1075
9,1076
8,1077
11,1078
9,1079
9,1080
11,1081
10,1082
11,1083
10,1084
10,1085
9,1086
11,1087
9,1088
11,1089
9,1090
10,1091
9,1092
11,1094
9,1095
11,1096
9,1100
11,1101
9,1102
11,1103
10,1104
11,1105
12,1106
10,1107
11,1108
10,1109
10,1111
11,1112
11,1113
10,1114
11,1115
10,1116
10,1117
11,1118
11,1119
11,1120
10,1121
11,1122
11,1123
12,1124
10,1125
10,1127
10,1128
11,1129
9,1130
11,1131
10,1133
10,1134
12,1135
10,1136
11,1137
8,1138
10,1139
11,1140
9,1141
11,1142
10,1143
9,1144
9,1145
10,1146
10,1147
11,1148
11,1149
8,1150
11,1151
11,1152
12,1153
11,1154
10,1155
10,1156
11,1157
11,1158
11,1160
11,1161
9,1162
10,1163
11,1164
10,1165
10,1166
11,1167
11,1168
11,1169
11,1170
9,1171
10,1172
10,1173
10,1174
12,1175
13,1176
11,1177
8,1178
9,1179
10,1180
12,1181
10,1182
10,1183
11,1184
11,1185
11,1186
9,1187
10,1188
12,1189
9,1190
10,1191
11,1192
10,1193
8,1194
11,1195
10,1196
11,1197
9,1198
11,1199
11,1200
9,1202
11,1203
10,1204
9,1205
9,1207
12,1208
9,1209
9,1210
12,1211
10,1212
12,1213
10,1214
11,1215
12,1216
10,1217
12,1218
12,1220
10,1221
11,1222
11,1223
11,1224
13,1225
12,1226
12,1227
11,1228
9,1229
11,1230
11,1231
11,1232
11,1233
9,1234
11,1235
11,1236
11,1237
10,1238
11,1239
9,1241
11,1242
13,1243
11,1244
11,1245
10,1246
12,1247
10,1249
10,1250
8,1251
10,1252
9,1254
12,1255
10,1256
10,1257
8,1258
10,1260
11,1261
11,1263
8,1264
12,1265
10,1266
11,1267
10,1268
12,1269
11,1271
9,1272
11,1273
12,1274
9,1275
11,1276
10,1277
12,1278
11,1279
12,1280
11,1281
12,1282
11,1283
9,1284
12,1285
10,1286
12,1288
12,1289
12,1290
11,1291
11,1292
10,1293
10,1294
9,1295
11,1296
10,1297
11,1299
12,1301
12,1302
12,1304
11,1305
9,1306
9,1307
9,1308
12,1309
10,1310
11,1311
12,1312
11,1313
12,1314
10,1315
10,1316
11,1317
11,1318
8,1321
11,1322
11,1323
11,1324
11,1325
12,1326
9,1327
11,1328
11,1329
11,1330
9,1332
11,1333
11,1334
12,1335
12,1336
12,1337
11,1338
10,1339
11,1340
12,1341
12,1342
11,1343
13,1344
11,1345
9,1346
11,1347
8,1348
12,1349
11,1350
11,1351
11,1352
11,1353
11,1354
10,1355
9,1357
10,1358
10,1359
11,1360
12,1361
10,1362
11,1363
10,1364
12,1365
10,1367
9,1368
10,1369
10,1370
12,1371
11,1372
11,1373
11,1374
11,1375
11,1376
12,1377
12,1378
11,1379
12,1381
11,1382
10,1383
12,1384
12,1385
11,1387
10,1388
10,1389
10,1390
12,1391
12,1392
9,1393
10,1394
10,1395
10,1396
11,1399
12,1400
10,1401
12,1402
9,1403
11,1404
11,1405
11,1407
12,1409
11,1410
12,1411
10,1412
10,1413
10,1414
11,1415
10,1416
10,1417
11,1419
11,1420
10,1421
11,1422
12,1423
11,1424
10,1425
10,1426
10,1427
10,1429
12,1430
11,1431
12,1432
9,1433
11,1434
12,1435
10,1436
12,1437
11,1438
12,1439
11,1440
10,1441
12,1442
10,1444
11,1445
11,1446
12,1447
11,1450
11,1451
12,1452
10,1453
10,1454
13,1455
12,1456
11,1457
11,1458
11,1459
11,1462
12,1465
12,1466
10,1467
9,1468
10,1469
11,1470
10,1471
10,1472
11,1473
10,1475
9,1477
13,1478
12,1479
12,1480
10,1481
11,1482
11,1483
10,1484
12,1485
11,1486
10,1487
12,1488
10,1489
10,1490
12,1491
10,1493
11,1494
10,1495
10,1496
12,1499
11,1500
10,1501
13,1502
11,1503
11,1504
10,1506
12,1507
11,1508
12,1509
11,1510
11,1512
11,1513
12,1514
11,1515
9,1516
12,1517
12,1518
11,1519
11,1520
11,1521
11,1522
10,1523
10,1525
12,1528
10,1529
10,1530
11,1531
13,1532
11,1533
11,1534
11,1535
10,1536
12,1537
11,1538
11,1540
13,1541
11,1542
11,1544
9,1545
11,1546
10,1547
11,1548
9,1550
10,1551
10,1552
11,1553
11,1554
12,1555
11,1556
11,1557
11,1559
12,1560
10,1561
9,1562
9,1563
10,1564
12,1565
12,1566
11,1567
12,1568
11,1569
11,1571
10,1572
13,1574
11,1575
13,1576
11,1579
12,1581
11,1582
12,1583
9,1585
10,1586
10,1587
10,1588
10,1589
10,1590
10,1591
10,1592
11,1593
9,1594
12,1595
12,1596
12,1598
11,1599
12,1600
9,1601
10,1602
10,1603
10,1604
10,1605
12,1606
10,1607
11,1608
13,1609
10,1610
9,1611
12,1612
9,1613
10,1614
10,1615
10,1616
10,1617
9,1619
11,1620
9,1621
12,1624
9,1625
10,1626
12,1627
11,1628
11,1629
13,1631
13,1632
12,1633
10,1634
10,1635
12,1636
11,1638
10,1639
11,1640
12,1641
12,1642
8,1643
12,1644
11,1646
13,1647
12,1648
13,1649
10,1650
11,1651
10,1653
12,1654
11,1656
9,1657
13,1658
11,1659
11,1660
11,1661
11,1662
10,1663
10,1664
10,1665
10,1668
11,1669
11,1670
11,1671
12,1673
12,1678
11,1679
10,1680
10,1681
11,1682
11,1683
12,1685
9,1687
10,1688
13,1689
10,1690
12,1691
12,1692
9,1693
10,1694
10,1695
12,1696
8,1697
10,1698
12,1699
11,1701
11,1702
11,1703
10,1704
12,1706
11,1707
10,1710
12,1711
11,1712
12,1713
11,1715
12,1716
12,1718
10,1719
11,1720
12,1722
10,1723
11,1724
13,1725
11,1726
11,1727
12,1728
11,1729
11,1730
11,1731
10,1732
11,1733
9,1734
12,1735
9,1736
9,1737
9,1738
12,1739
10,1740
13,1741
13,1742
13,1743
11,1744
12,1745
11,1746
11,1747
13,1748
12,1750
11,1751
10,1754
10,1755
11,1756
12,1757
11,1758
10,1759
11,1760
11,1761
9,1762
10,1763
12,1764
10,1766
11,1768
11,1769
11,1770
11,1771
11,1772
11,1773
12,1774
11,1775
10,1776
13,1777
10,1778
12,1779
11,1781
11,1782
12,1783
12,1784
11,1785
10,1787
10,1788
11,1790
12,1791
13,1792
11,1793
10,1794
11,1795
11,1796
9,1797
11,1799
11,1800
9,1801
13,1802
10,1803
12,1804
12,1805
12,1806
12,1807
11,1808
11,1809
12,1810
12,1811
11,1812
10,1813
10,1814
12,1815
12,1817
10,1818
12,1819
11,1820
12,1821
9,1822
10,1823
10,1824
12,1825
10,1826
9,1827
12,1828
11,1829
11,1831
10,1832
11,1834
13,1835
11,1836
10,1837
10,1838
11,1839
11,1840
11,1842
10,1843
11,1845
13,1846
11,1848
12,1849
11,1850
12,1851
11,1852
11,1853
12,1855
12,1856
12,1857
11,1859
11,1860
12,1863
11,1864
11,1865
11,1866
11,1867
9,1869
11,1870
12,1871
12,1872
11,1873
11,1874
11,1875
11,1876
11,1877
10,1878
10,1879
11,1880
11,1882
11,1883
11,1884
12,1885
12,1886
10,1887
13,1888
10,1889
11,1890
11,1891
10,1892
10,1893
10,1894
12,1895
11,1896
11,1898
11,1899
11,1900
12,1901
10,1904
11,1905
10,1906
11,1907
11,1908
12,1909
9,1910
12,1911
12,1912
11,1913
11,1914
11,1915
10,1916
11,1917
12,1918
11,1919
11,1920
9,1921
12,1922
11,1923
11,1925
12,1926
11,1927
12,1928
11,1929
12,1930
11,1931
11,1932
11,1933
11,1934
12,1935
10,1936
13,1937
13,1939
12,1941
11,1942
11,1943
9,1944
11,1945
11,1946
11,1947
11,1948
9,1949
11,1950
11,1951
11,1952
11,1953
11,1954
11,1955
12,1956
11,1957
11,1958
8,1959
11,1960
12,1961
12,1962
12,1963
11,1964
12,1965
12,1967
12,1968
11,1970
11,1971
11,1972
11,1973
9,1974
10,1975
12,1976
12,1977
12,1978
12,1979
12,1980
11,1981
12,1983
12,1984
11,1985
12,1986
12,1987
12,1988
10,1989
12,1990
11,1992
11,1993
12,1994
11,1995
11,1996
10,1997
11,1998
11,1999
12,2000
11,2001
10,2002
11,2003
11,2004
13,2005
12,2006
12,2008
12,2009
11,2010
12,2011
11,2012
12,2013
12,2014
11,2015
12,2016
11,2019
12,2020
10,2021
11,2022
12,2023
9,2024
11,2025
11,2026
11,2027
13,2028
11,2029
11,2030
11,2031
12,2032
12,2033
10,2035
11,2036
11,2037
12,2038
11,2039
11,2041
11,2042
11,2043
10,2044
11,2045
10,2047
9,2048
10,2050
12,2051
11,2052
12,2053
11,2054
12,2055
11,2056
12,2060
12,2061
11,2062
12,2063
12,2064
12,2066
10,2067
10,2068
12,2069
10,2070
12,2073
10,2075
12,2076
12,2077
12,2078
11,2080
10,2081
8,2082
11,2083
11,2084
11,2086
12,2087
9,2088
11,2090
12,2091
12,2092
12,2093
10,2096
10,2097
10,2100
12,2101
12,2102
11,2103
11,2104
11,2105
11,2106
11,2107
11,2109
10,2110
12,2111
12,2112
12,2113
10,2115
13,2117
12,2120
12,2121
13,2122
12,2123
10,2125
10,2127
11,2128
12,2129
12,2130
12,2131
13,2133
11,2134
12,2135
12,2137
11,2138
11,2139
12,2140
12,2141
12,2143
12,2144
11,2145
12,2146
11,2148
11,2150
13,2151
11,2153
10,2154
11,2155
10,2157
11,2158
9,2160
12,2161
9,2162
12,2165
12,2166
11,2167
10,2168
13,2169
13,2170
9,2171
11,2172
11,2174
12,2175
11,2176
10,2177
10,2181
10,2182
10,2183
13,2184
9,2185
13,2186
12,2187
10,2188
10,2190
11,2191
11,2192
12,2193
10,2194
12,2197
11,2199
12,2200
11,2201
12,2202
10,2203
10,2204
12,2205
11,2206
13,2207
9,2208
12,2209
11,2210
12,2212
11,2213
11,2214
11,2215
11,2216
12,2218
11,2219
11,2220
11,2221
11,2222
11,2223
10,2227
12,2229
12,2230
11,2231
10,2235
9,2236
11,2237
11,2238
10,2239
12,2241
10,2243
11,2244
12,2245
12,2246
12,2247
11,2248
12,2249
10,2250
11,2252
12,2254
12,2256
11,2257
10,2258
11,2260
12,2262
13,2264
11,2266
11,2267
11,2268
12,2269
12,2270
11,2271
10,2272
11,2273
12,2274
12,2275
13,2276
12,2277
11,2278
11,2279
10,2280
11,2282
11,2284
12,2286
10,2287
12,2289
11,2291
11,2292
11,2293
10,2295
10,2296
11,2297
12,2298
12,2299
12,2301
12,2303
10,2304
12,2305
11,2306
13,2307
12,2310
10,2312
11,2313
9,2314
12,2315
12,2316
12,2317
12,2318
11,2319
12,2322
10,2323
9,2324
10,2325
11,2328
11,2329
11,2330
11,2331
11,2332
10,2333
12,2334
9,2335
12,2336
11,2337
11,2338
11,2339
13,2340
13,2341
12,2343
12,2344
12,2345
13,2346
13,2347
10,2349
12,2350
12,2351
11,2352
10,2355
11,2356
12,2358
10,2359
10,2360
12,2361
11,2362
11,2363
11,2364
12,2365
13,2366
12,2368
11,2369
9,2370
11,2371
11,2372
10,2375
10,2376
12,2378
11,2379
13,2380
10,2381
12,2382
11,2383
11,2384
12,2385
13,2386
11,2387
11,2389
12,2391
12,2392
10,2393
10,2394
10,2396
12,2397
11,2398
9,2399
12,2400
13,2401
13,2402
11,2403
10,2405
13,2407
11,2408
10,2409
11,2410
12,2411
12,2412
9,2413
9,2414
11,2416
13,2417
11,2418
11,2419
12,2421
11,2422
11,2424
13,2425
12,2426
12,2427
11,2428
12,2429
11,2431
10,2432
13,2433
12,2434
12,2435
11,2436
10,2437
10,2438
11,2440
11,2441
11,2443
11,2445
13,2446
11,2447
12,2448
12,2449
12,2451
11,2452
13,2453
11,2454
13,2455
11,2456
12,2458
10,2459
12,2460
13,2461
11,2462
12,2463
12,2464
10,2465
11,2466
10,2467
11,2468
11,2469
11,2470
13,2471
10,2472
10,2473
14,2474
11,2475
11,2477
11,2478
11,2480
11,2482
11,2484
11,2487
12,2488
11,2490
11,2493
10,2495
10,2496
11,2497
13,2498
10,2500
11,2502
12,2503
10,2504
13,2505
11,2506
12,2507
13,2508
11,2509
10,2510
11,2511
12,2513
9,2514
13,2515
11,2516
10,2517
10,2519
11,2521
11,2522
11,2523
12,2524
11,2525
13,2526
12,2527
13,2528
10,2529
12,2530
12,2533
11,2535
10,2536
12,2537
12,2538
10,2539
11,2541
11,2542
11,2543
11,2544
12,2545
10,2546
11,2547
11,2548
11,2549
11,2550
12,2551
13,2553
11,2555
12,2556
13,2557
10,2558
13,2559
12,2561
13,2562
11,2563
13,2565
12,2566
13,2567
14,2568
12,2570
11,2571
12,2572
13,2573
12,2575
13,2576
12,2579
10,2581
13,2583
13,2584
12,2585
12,2588
12,2589
13,2590
12,2591
11,2592
10,2594
12,2595
13,2596
12,2597
11,2598
12,2599
11,2600
11,2601
12,2603
12,2604
12,2605
11,2607
10,2608
12,2609
10,2610
11,2612
12,2613
10,2614
10,2615
11,2617
12,2618
11,2619
13,2620
12,2621
12,2622
13,2623
12,2625
12,2626
12,2627
11,2628
13,2629
12,2630
12,2631
11,2632
13,2633
12,2634
13,2635
11,2636
14,2637
13,2638
12,2639
11,2640
12,2641
11,2643
10,2644
10,2645
10,2648
11,2649
10,2650
9,2652
11,2653
11,2654
11,2655
14,2656
11,2658
9,2659
12,2660
12,2661
12,2662
11,2664
13,2665
12,2666
12,2668
13,2669
13,2670
10,2671
12,2672
10,2673
11,2675
12,2676
12,2677
11,2679
11,2681
11,2682
10,2684
12,2685
11,2686
14,2687
12,2688
11,2689
10,2690
11,2691
13,2693
12,2694
11,2696
10,2698
11,2699
12,2700
11,2701
11,2702
12,2703
13,2704
11,2705
13,2706
11,2707
13,2708
10,2709
14,2710
11,2712
10,2714
12,2716
12,2719
10,2720
11,2721
12,2722
13,2723
13,2724
12,2725
11,2727
11,2728
11,2729
12,2731
11,2733
13,2734
12,2735
12,2737
11,2738
12,2740
14,2741
11,2742
10,2743
11,2744
12,2745
12,2746
12,2747
11,2748
13,2750
12,2751
9,2752
11,2753
12,2754
12,2755
12,2756
14,2757
13,2758
11,2760
12,2761
11,2763
12,2764
12,2765
11,2767
12,2770
12,2772
12,2773
12,2774
13,2775
13,2776
12,2777
11,2778
11,2779
12,2780
12,2781
11,2782
12,2785
11,2786
12,2788
13,2790
11,2791
12,2792
12,2793
13,2795
12,2797
11,2798
11,2800
11,2801
12,2802
11,2804
12,2805
13,2808
11,2809
12,2810
10,2811
10,2812
14,2813
11,2814
11,2815
12,2816
12,2817
13,2818
11,2820
11,2821
10,2822
12,2823
12,2824
11,2825
12,2826
12,2828
10,2832
10,2834
12,2835
12,2836
12,2838
13,2841
11,2842
12,2843
12,2845
12,2846
11,2847
13,2852
10,2853
11,2854
11,2855
12,2856
11,2857
12,2858
11,2859
12,2861
12,2863
11,2864
11,2865
12,2866
11,2867
12,2871
12,2872
10,2873
11,2874
10,2875
13,2876
11,2878
12,2879
12,2881
11,2882
13,2885
11,2887
11,2889
11,2890
9,2891
11,2893
11,2894
13,2895
12,2896
12,2897
11,2898
11,2899
11,2900
12,2901
13,2903
11,2904
10,2906
13,2907
11,2908
12,2910
12,2911
11,2913
12,2914
11,2915
13,2916
12,2917
12,2920
10,2921
12,2922
9,2923
12,2924
11,2926
10,2927
12,2929
12,2930
12,2931
12,2932
11,2934
11,2937
12,2938
12,2940
11,2941
12,2942
11,2943
11,2944
11,2945
12,2946
12,2947
12,2948
12,2949
10,2950
11,2951
13,2952
12,2953
12,2954
12,2955
10,2956
11,2960
13,2963
12,2964
13,2965
11,2966
12,2967
10,2969
12,2973
10,2974
12,2975
12,2977
11,2980
11,2981
10,2982
11,2984
11,2985
11,2986
12,2988
10,2989
13,2990
12,2991
12,2993
12,2995
10,2996
10,2997
11,2998
12,2999
12,3000
12,3001
11,3002
12,3005
11,3006
12,3007
13,3008
12,3010
11,3011
11,3012
10,3014
12,3015
11,3016
12,3017
13,3018
12,3019
11,3020
12,3022
11,3023
11,3024
12,3026
12,3027
11,3028
12,3029
11,3030
11,3032
11,3033
13,3039
13,3040
12,3042
11,3043
12,3045
12,3048
12,3049
11,3050
11,3051
11,3052
11,3053
12,3054
13,3055
11,3056
10,3057
13,3058
13,3060
11,3061
12,3063
11,3064
13,3065
12,3067
12,3068
11,3069
12,3070
11,3072
11,3073
10,3074
13,3075
11,3077
11,3080
9,3081
13,3083
12,3084
12,3085
11,3086
13,3087
10,3089
12,3090
11,3091
11,3092
11,3093
13,3094
11,3095
11,3097
12,3098
11,3099
13,3100
13,3101
13,3102
13,3103
12,3104
13,3105
13,3106
12,3107
12,3108
12,3110
11,3111
11,3112
13,3114
11,3115
11,3116
12,3117
11,3119
11,3120
11,3122
11,3123
11,3124
13,3125
12,3126
14,3127
11,3128
12,3129
12,3130
12,3132
12,3133
13,3138
13,3139
12,3140
12,3141
12,3142
11,3143
10,3144
11,3145
11,3147
11,3149
10,3150
10,3151
12,3152
12,3154
13,3155
11,3156
11,3157
12,3158
12,3159
12,3160
13,3161
11,3162
11,3163
12,3164
14,3167
11,3168
12,3169
11,3170
14,3171
11,3172
12,3173
12,3174
13,3175
12,3177
12,3179
14,3180
10,3181
11,3182
11,3183
12,3184
11,3185
11,3187
12,3188
13,3189
13,3190
12,3191
13,3192
11,3193
10,3194
12,3195
11,3196
11,3197
13,3198
12,3199
12,3201
12,3202
13,3204
12,3207
12,3208
11,3210
14,3212
13,3213
13,3214
12,3215
9,3216
12,3217
11,3218
12,3222
11,3224
11,3225
12,3226
12,3227
12,3228
11,3229
11,3230
12,3231
12,3232
12,3235
10,3236
11,3237
12,3238
11,3239
11,3240
12,3241
13,3242
10,3243
12,3244
13,3245
12,3247
12,3248
12,3249
13,3251
11,3252
12,3255
11,3256
11,3257
11,3258
12,3260
12,3261
12,3262
9,3264
12,3265
10,3266
9,3267
10,3268
14,3269
13,3270
11,3271
11,3273
12,3274
13,3275
12,3276
13,3277
12,3279
12,3280
11,3282
12,3283
12,3284
12,3285
12,3286
12,3287
11,3288
12,3289
11,3290
12,3291
11,3292
11,3294
12,3295
12,3296
12,3297
13,3298
13,3299
13,3300
11,3301
10,3302
12,3303
12,3304
11,3305
13,3306
14,3308
12,3309
13,3310
11,3312
13,3313
14,3314
12,3315
13,3320
11,3321
13,3322
13,3324
12,3325
12,3326
13,3328
13,3330
9,3331
13,3333
13,3334
11,3335
11,3336
10,3338
12,3339
11,3340
11,3341
13,3342
12,3343
12,3345
12,3346
12,3349
11,3350
13,3351
12,3353
11,3355
11,3356
11,3357
11,3358
10,3360
11,3361
12,3363
11,3365
13,3367
10,3368
12,3369
14,3370
10,3371
12,3372
11,3373
13,3374
14,3375
13,3377
13,3378
13,3379
13,3380
12,3381
13,3383
13,3385
11,3386
11,3387
12,3388
12,3390
13,3391
11,3392
13,3393
13,3394
10,3395
12,3396
11,3397
13,3398
11,3399
13,3402
12,3407
12,3408
12,3411
11,3412
13,3413
11,3414
12,3417
11,3418
13,3419
11,3420
11,3421
12,3422
12,3423
11,3428
11,3431
10,3432
12,3433
12,3434
12,3435
11,3436
12,3438
12,3439
11,3440
12,3441
11,3443
12,3446
12,3447
12,3448
12,3449
13,3450
11,3451
11,3452
11,3454
12,3455
10,3456
12,3457
14,3458
11,3459
13,3462
12,3463
12,3464
13,3465
12,3466
11,3467
13,3468
11,3469
13,3470
14,3471
10,3472
11,3473
12,3474
12,3475
10,3476
13,3477
13,3480
12,3481
11,3483
12,3484
13,3485
11,3488
11,3491
12,3492
14,3494
11,3495
12,3496
12,3497
11,3498
13,3499
13,3500
12,3502
13,3505
12,3508
13,3511
13,3512
10,3513
13,3514
11,3516
11,3518
12,3519
12,3520
13,3521
12,3522
14,3524
12,3525
12,3526
12,3527
11,3529
12,3530
13,3532
10,3533
11,3534
11,3535
12,3536
12,3538
11,3539
13,3540
11,3541
12,3542
13,3543
13,3546
11,3547
12,3548
11,3549
11,3550
12,3552
12,3554
13,3555
13,3556
12,3557
13,3558
11,3560
12,3562
11,3563
12,3567
12,3568
12,3569
12,3570
14,3571
12,3572
12,3573
12,3574
11,3575
11,3576
12,3577
11,3578
10,3579
11,3580
11,3583
10,3585
11,3587
12,3591
11,3593
13,3594
12,3595
12,3596
11,3601
14,3602
10,3603
12,3604
12,3606
10,3607
11,3608
10,3609
13,3611
12,3613
11,3615
11,3616
12,3617
11,3619
12,3621
13,3622
11,3623
11,3624
12,3626
12,3627
12,3628
12,3629
14,3630
11,3631
11,3632
12,3634
11,3638
12,3639
11,3640
11,3641
14,3642
11,3643
13,3644
13,3645
13,3646
12,3647
11,3648
12,3649
11,3651
12,3654
12,3655
12,3656
12,3658
12,3659
13,3661
13,3664
12,3665
11,3666
11,3667
12,3668
12,3670
12,3671
14,3672
12,3673
13,3675
12,3676
12,3678
14,3684
11,3686
13,3690
11,3691
11,3692
12,3693
12,3694
12,3696
12,3697
12,3698
11,3699
11,3700
12,3701
12,3702
13,3704
10,3706
11,3710
12,3711
11,3712
11,3713
12,3714
12,3715
11,3718
12,3719
12,3720
12,3721
12,3722
11,3724
13,3726
13,3728
13,3730
12,3731
13,3735
11,3736
14,3737
13,3738
12,3740
13,3742
11,3743
11,3745
12,3746
11,3747
12,3748
12,3749
11,3750
11,3751
11,3752
12,3753
12,3754
12,3755
13,3757
11,3758
11,3760
13,3761
12,3762
13,3763
12,3764
11,3765
12,3766
12,3768
13,3770
12,3772
13,3773
13,3774
12,3775
12,3776
13,3777
11,3778
13,3781
12,3782
13,3784
13,3785
11,3787
11,3788
12,3789
12,3790
12,3793
11,3794
11,3795
12,3796
13,3798
12,3800
10,3802
12,3803
13,3805
12,3808
13,3809
11,3810
12,3811
12,3812
11,3813
13,3814
11,3815
13,3817
12,3821
12,3824
13,3825
12,3827
13,3828
11,3829
13,3830
12,3832
11,3833
12,3836
13,3837
13,3839
12,3841
11,3843
12,3844
13,3845
11,3846
11,3848
13,3850
13,3852
11,3853
11,3854
13,3859
12,3860
13,3863
12,3864
11,3865
12,3866
11,3868
13,3869
12,3873
12,3875
12,3876
13,3878
12,3879
13,3880
11,3881
11,3883
12,3885
13,3887
12,3888
12,3889
11,3892
11,3893
14,3894
11,3895
12,3896
13,3897
11,3898
12,3902
12,3904
14,3907
14,3908
12,3909
12,3910
13,3911
11,3913
12,3914
11,3915
11,3916
13,3917
11,3918
11,3919
12,3921
14,3923
13,3924
13,3925
12,3926
13,3927
12,3928
11,3930
12,3933
11,3934
12,3935
10,3936
12,3937
11,3938
12,3939
12,3940
12,3941
14,3943
12,3946
12,3947
14,3948
12,3949
13,3950
13,3951
11,3952
12,3953
12,3955
12,3956
13,3959
13,3961
13,3962
12,3964
12,3965
12,3966
13,3967
12,3968
13,3969
12,3970
12,3971
13,3975
11,3976
11,3977
12,3978
13,3979
11,3980
12,3981
12,3982
12,3983
12,3984
11,3985
12,3988
12,3990
12,3992
13,3993
11,3995
12,3997
11,3998
12,3999
10,4001
14,4002
12,4003
11,4004
13,4005
14,4007
11,4008
10,4009
13,4010
10,4011
11,4012
14,4013
12,4014
11,4016
11,4017
13,4018
13,4019
11,4020
11,4024
12,4025
11,4027
13,4028
13,4029
12,4030
14,4035
11,4036
12,4037
11,4038
11,4040
13,4041
13,4042
12,4043
11,4044
11,4045
13,4046
11,4047
13,4048
13,4049
12,4051
14,4054
13,4055
11,4056
13,4058
12,4060
11,4061
13,4062
11,4063
12,4064
13,4065
12,4066
12,4069
11,4070
11,4071
12,4072
12,4073
13,4074
13,4075
12,4076
13,4078
12,4079
12,4080
12,4082
13,4083
13,4084
13,4085
11,4086
11,4087
12,4089
11,4090
13,4091
13,4092
13,4093
11,4095
11,4096
11,4097
13,4098
12,4099
13,4100
13,4102
12,4103
12,4106
11,4107
12,4108
12,4109
11,4110
12,4115
11,4120
12,4121
11,4123
12,4124
13,4125
13,4126
12,4127
11,4128
12,4129
12,4131
11,4133
12,4138
12,4139
12,4140
10,4142
13,4145
13,4146
11,4147
11,4148
13,4151
13,4153
13,4154
13,4156
13,4157
12,4159
12,4161
12,4163
12,4164
11,4165
12,4166
12,4170
12,4171
11,4172
11,4173
13,4174
12,4177
12,4181
12,4183
12,4184
11,4186
11,4187
13,4188
12,4189
12,4192
12,4195
12,4196
14,4197
13,4198
12,4199
11,4200
13,4203
13,4204
11,4205
13,4206
12,4207
14,4208
10,4210
13,4212
12,4213
12,4215
13,4216
11,4217
12,4218
12,4219
12,4222
13,4224
14,4226
11,4228
13,4229
11,4232
10,4234
12,4235
13,4236
13,4239
11,4241
12,4242
12,4243
12,4245
13,4246
13,4248
12,4250
13,4252
13,4253
12,4254
11,4256
11,4257
12,4260
11,4261
11,4263
12,4264
12,4265
13,4268
12,4270
12,4271
12,4273
11,4274
11,4275
13,4276
12,4277
12,4278
12,4280
11,4281
13,4282
10,4283
11,4284
12,4285
13,4286
11,4288
12,4289
12,4290
11,4291
13,4293
11,4294
13,4296
12,4298
13,4299
13,4300
11,4304
11,4305
13,4306
11,4307
12,4309
11,4310
10,4311
13,4312
12,4314
12,4315
11,4317
12,4318
13,4319
14,4320
12,4321
11,4322
12,4323
12,4324
12,4325
12,4327
14,4329
13,4330
12,4331
12,4332
12,4333
14,4334
13,4335
11,4338
12,4339
12,4340
11,4342
14,4343
12,4344
13,4345
13,4347
10,4349
14,4350
11,4354
13,4355
13,4356
12,4357
12,4358
13,4361
11,4363
13,4367
12,4368
11,4369
11,4370
12,4371
13,4372
13,4374
12,4375
12,4376
11,4379
14,4382
11,4383
13,4384
13,4386
14,4389
13,4390
12,4391
13,4393
12,4394
11,4395
13,4396
12,4397
12,4398
13,4400
12,4402
13,4404
12,4405
12,4407
13,4408
12,4409
12,4414
13,4416
13,4418
12,4419
14,4420
12,4422
12,4424
13,4427
13,4429
11,4433
11,4434
12,4436
11,4437
12,4439
12,4440
14,4441
12,4442
13,4443
13,4444
13,4446
11,4449
11,4450
12,4451
13,4456
12,4457
12,4458
12,4459
13,4460
12,4466
11,4469
12,4470
13,4471
13,4473
12,4474
12,4476
11,4477
13,4478
13,4479
12,4482
12,4484
12,4485
13,4486
12,4488
12,4490
12,4492
13,4494
12,4495
11,4496
10,4497
13,4498
12,4499
11,4500
11,4503
14,4504
13,4507
13,4510
12,4511
12,4512
12,4513
12,4515
13,4516
13,4517
11,4518
11,4519
13,4520
12,4521
13,4525
13,4528
13,4529
13,4530
11,4531
12,4532
13,4533
12,4534
14,4539
11,4542
12,4545
13,4546
11,4547
13,4548
13,4551
12,4552
14,4555
14,4556
12,4557
12,4559
12,4560
12,4562
13,4563
11,4565
12,4570
13,4571
10,4572
13,4574
12,4575
13,4576
12,4577
11,4578
13,4579
12,4580
13,4582
11,4583
12,4585
12,4586
12,4589
13,4590
13,4591
12,4592
13,4594
12,4595
10,4596
10,4597
14,4598
12,4599
13,4600
11,4601
13,4603
13,4605
12,4606
11,4607
14,4609
13,4614
12,4617
12,4618
12,4619
11,4620
13,4622
13,4623
12,4625
12,4628
13,4629
10,4632
14,4633
11,4634
13,4635
10,4636
14,4638
12,4639
14,4640
13,4642
13,4643
11,4645
13,4646
11,4647
11,4648
13,4649
11,4650
13,4651
13,4652
12,4653
12,4654
12,4655
11,4656
11,4660
13,4662
13,4666
13,4667
12,4668
13,4671
14,4672
14,4673
11,4675
12,4676
11,4677
14,4679
13,4680
11,4681
12,4682
13,4683
12,4684
12,4686
13,4687
11,4688
10,4689
13,4691
13,4693
12,4695
11,4699
12,4701
15,4704
13,4705
13,4707
12,4709
12,4710
13,4711
11,4712
12,4713
12,4714
13,4716
10,4718
12,4719
12,4723
11,4724
14,4725
12,4726
12,4728
13,4729
10,4731
13,4732
11,4733
13,4734
10,4737
13,4738
12,4740
13,4741
12,4742
13,4743
12,4746
12,4747
12,4750
10,4752
13,4753
13,4754
12,4755
13,4757
12,4758
12,4759
14,4760
11,4762
11,4764
11,4767
13,4768
14,4770
12,4771
10,4774
12,4776
13,4778
11,4781
13,4784
13,4785
13,4786
12,4787
12,4788
12,4792
12,4793
12,4795
11,4796
11,4798
13,4799
12,4801
12,4802
12,4804
13,4805
12,4807
13,4810
11,4811
13,4812
13,4815
12,4819
13,4820
12,4821
12,4822
11,4823
13,4824
12,4827
12,4828
12,4832
13,4834
12,4836
12,4837
13,4839
14,4840
12,4841
12,4844
12,4845
13,4849
12,4854
11,4855
12,4860
13,4861
12,4863
11,4865
13,4866
12,4868
11,4870
12,4871
13,4872
12,4873
14,4875
13,4878
13,4879
13,4880
13,4881
12,4882
12,4883
14,4888
12,4889
12,4890
14,4892
13,4893
12,4895
12,4897
11,4898
10,4899
11,4901
11,4903
12,4904
12,4907
12,4908
12,4909
12,4910
14,4913
11,4914
12,4915
13,4917
12,4918
12,4919
12,4921
14,4924
13,4925
13,4926
13,4927
13,4928
12,4930
12,4931
13,4932
11,4935
12,4936
13,4942
13,4943
12,4944
11,4945
13,4946
10,4947
12,4948
14,4950
12,4952
11,4954
13,4955
13,4956
13,4957
12,4958
12,4960
14,4961
12,4963
13,4964
12,4965
12,4966
13,4969
12,4970
12,4974
11,4976
11,4977
13,4978
13,4980
14,4981
11,4982
12,4983
12,4986
13,4987
13,4988
11,4989
10,4990
13,4992
13,4994
12,4995
12,4996
11,4997
13,4998
10,5000
14,5001
14,5002
12,5003
14,5005
12,5008
13,5010
12,5011
14,5016
13,5017
12,5018
14,5019
12,5021
11,5022
13,5024
14,5026
11,5029
14,5031
13,5032
13,5033
12,5034
13,5035
12,5036
13,5039
13,5041
13,5042
11,5043
12,5044
12,5045
11,5046
12,5047
12,5048
13,5049
14,5050
12,5052
12,5053
13,5054
12,5055
12,5056
12,5057
13,5058
13,5059
13,5063
14,5065
12,5067
13,5070
13,5073
13,5074
12,5075
13,5076
12,5079
12,5082
12,5083
12,5084
12,5086
11,5088
14,5089
14,5090
13,5091
10,5093
12,5094
12,5095
12,5096
12,5098
12,5101
11,5102
11,5103
12,5104
12,5105
13,5107
14,5108
12,5109
12,5110
12,5111
13,5112
13,5113
11,5114
12,5115
11,5117
11,5118
13,5119
13,5120
12,5121
12,5125
13,5128
13,5129
14,5130
12,5131
10,5132
10,5134
14,5135
11,5136
12,5137
14,5138
12,5140
11,5141
13,5144
12,5146
13,5147
13,5148
12,5150
11,5155
13,5156
11,5157
13,5158
11,5161
12,5162
13,5163
12,5164
12,5168
14,5169
13,5175
12,5176
11,5177
13,5179
13,5180
13,5182
10,5183
12,5188
12,5189
11,5190
12,5192
12,5193
13,5195
13,5196
13,5197
11,5200
12,5201
12,5202
14,5203
13,5204
12,5206
13,5208
12,5209
13,5210
12,5211
13,5213
11,5216
13,5217
13,5220
12,5221
12,5223
10,5226
13,5228
11,5230
13,5231
12,5232
13,5234
10,5235
12,5237
11,5238
11,5240
12,5241
12,5243
13,5244
13,5246
12,5247
12,5250
13,5254
13,5255
14,5256
14,5257
14,5258
13,5259
11,5260
12,5264
11,5266
14,5267
13,5268
12,5269
12,5270
12,5271
13,5272
13,5273
12,5277
12,5278
14,5280
13,5281
11,5282
14,5284
13,5286
13,5288
12,5289
12,5290
14,5291
12,5292
12,5294
12,5296
13,5297
13,5298
14,5300
12,5301
13,5303
12,5304
12,5306
12,5307
13,5308
12,5310
12,5311
13,5313
13,5315
13,5316
12,5320
14,5321
13,5322
13,5323
12,5324
13,5328
12,5332
12,5336
13,5339
13,5340
12,5341
11,5343
12,5345
12,5346
12,5347
12,5349
13,5350
12,5351
12,5353
12,5354
13,5355
13,5356
12,5357
13,5359
10,5360
11,5361
12,5362
11,5365
13,5366
12,5367
14,5368
13,5369
11,5370
11,5373
12,5374
12,5376
12,5377
13,5385
14,5387
11,5388
11,5389
13,5390
14,5393
12,5396
13,5397
12,5402
14,5405
12,5406
12,5407
12,5409
11,5410
11,5412
14,5414
11,5415
13,5422
14,5423
14,5424
13,5426
13,5427
11,5428
12,5430
13,5433
12,5435
14,5437
12,5444
14,5445
12,5446
12,5447
13,5448
11,5449
12,5450
14,5451
12,5452
13,5453
12,5454
13,5456
12,5458
12,5459
12,5460
14,5461
13,5462
12,5463
11,5465
12,5466
13,5473
10,5479
13,5480
12,5481
13,5483
14,5484
12,5485
11,5487
12,5489
12,5490
11,5491
11,5492
13,5493
11,5495
12,5496
12,5497
12,5501
13,5502
13,5504
11,5505
12,5506
14,5507
12,5508
13,5509
13,5510
13,5511
13,5513
13,5515
13,5516
12,5518
10,5520
13,5521
11,5525
11,5526
13,5528
13,5529
12,5530
11,5535
14,5536
11,5537
12,5538
13,5539
13,5540
12,5541
13,5542
13,5544
12,5545
14,5547
13,5548
13,5551
13,5552
13,5553
13,5554
12,5557
14,5558
13,5561
11,5563
12,5564
11,5566
14,5567
13,5569
13,5574
13,5575
11,5576
12,5577
9,5578
13,5579
12,5580
12,5581
13,5584
13,5585
12,5586
12,5587
12,5590
13,5591
12,5592
13,5594
12,5596
13,5597
13,5599
13,5602
11,5603
12,5605
12,5606
14,5608
12,5612
12,5614
12,5615
13,5616
13,5617
13,5619
13,5622
11,5623
14,5624
10,5625
14,5628
14,5634
13,5635
13,5640
11,5643
12,5645
13,5646
12,5648
13,5651
13,5654
13,5655
11,5656
14,5657
10,5658
12,5659
12,5660
13,5662
11,5663
14,5665
11,5666
12,5667
11,5670
13,5671
13,5672
12,5673
10,5674
13,5675
13,5678
11,5679
14,5681
13,5683
13,5686
14,5687
13,5689
12,5691
13,5693
12,5695
14,5697
12,5698
13,5699
13,5700
13,5702
12,5705
12,5710
13,5711
14,5712
13,5713
13,5714
12,5717
13,5719
14,5720
12,5721
12,5722
12,5723
13,5724
12,5725
14,5730
13,5731
13,5733
12,5734
13,5739
14,5740
13,5741
12,5742
13,5743
13,5744
14,5745
12,5747
13,5749
13,5750
12,5751
12,5753
13,5754
14,5755
12,5756
13,5758
12,5760
11,5763
13,5764
11,5765
12,5766
10,5767
12,5770
14,5771
12,5772
10,5773
12,5775
11,5777
12,5779
12,5780
14,5782
12,5784
13,5785
11,5788
12,5790
12,5791
10,5792
13,5793
13,5794
14,5795
12,5798
14,5799
13,5800
13,5802
13,5803
12,5805
14,5806
13,5807
14,5808
14,5810
11,5812
12,5814
13,5816
12,5817
12,5820
11,5821
12,5822
13,5823
12,5826
13,5827
13,5829
11,5831
13,5835
12,5837
11,5838
12,5839
13,5840
12,5841
10,5845
14,5847
13,5849
12,5851
13,5852
13,5853
12,5855
12,5857
13,5858
13,5859
12,5860
14,5862
13,5864
12,5868
11,5869
12,5871
12,5875
12,5876
11,5877
12,5879
12,5880
11,5881
13,5888
14,5889
12,5890
12,5892
12,5897
13,5898
13,5899
13,5900
13,5902
14,5904
11,5905
12,5906
12,5908
13,5909
12,5913
13,5915
12,5916
12,5918
12,5919
14,5921
12,5922
12,5925
12,5926
12,5928
12,5929
11,5930
13,5933
13,5935
14,5937
12,5939
12,5940
14,5941
15,5942
13,5947
14,5949
12,5950
11,5955
12,5957
12,5958
13,5959
11,5960
13,5961
13,5962
12,5963
12,5964
12,5965
11,5969
13,5970
13,5971
12,5974
11,5975
13,5977
12,5979
14,5981
13,5983
11,5984
12,5985
11,5991
13,5992
12,5993
13,5994
12,5997
11,5998
12,6000
13,6001
13,6003
12,6006
11,6008
14,6010
13,6012
14,6015
12,6020
12,6021
11,6023
13,6024
12,6025
12,6029
14,6031
11,6034
14,6036
12,6039
13,6040
14,6041
12,6044
12,6045
13,6046
14,6047
12,6050
12,6051
13,6053
11,6054
10,6055
11,6058
12,6059
11,6062
14,6063
13,6064
13,6069
12,6071
12,6073
14,6075
14,6076
12,6078
11,6079
12,6081
12,6082
13,6083
12,6085
14,6086
13,6088
11,6090
12,6091
11,6092
11,6094
14,6095
13,6096
13,6097
12,6100
12,6103
13,6104
12,6105
13,6107
14,6108
13,6109
13,6111
13,6114
13,6116
13,6117
13,6119
13,6120
11,6121
14,6123
12,6124
12,6125
12,6126
13,6128
12,6129
13,6130
13,6131
13,6134
13,6136
13,6137
14,6139
11,6142
12,6146
12,6147
13,6151
12,6153
13,6154
13,6155
11,6156
14,6157
12,6158
12,6159
12,6161
12,6162
12,6163
12,6167
13,6171
13,6172
14,6176
13,6180
11,6182
13,6184
12,6185
11,6186
12,6187
13,6189
14,6190
10,6192
13,6193
10,6194
14,6195
13,6197
12,6198
11,6199
12,6200
13,6201
12,6204
12,6205
11,6209
11,6213
13,6214
13,6215
13,6216
12,6218
11,6220
13,6221
12,6228
14,6235
12,6238
14,6241
11,6242
12,6244
12,6245
13,6246
12,6247
12,6248
13,6251
13,6252
13,6253
12,6258
13,6259
11,6262
14,6263
14,6266
11,6267
13,6268
12,6269
13,6270
14,6275
13,6277
14,6278
12,6279
12,6280
13,6281
13,6285
14,6287
13,6289
12,6292
11,6296
13,6300
14,6303
13,6304
13,6306
13,6308
12,6310
14,6311
12,6312
11,6313
12,6316
12,6320
14,6323
12,6325
13,6326
14,6328
13,6329
13,6330
13,6332
12,6334
13,6336
13,6337
12,6339
15,6340
12,6344
12,6345
13,6346
12,6347
11,6349
14,6353
14,6355
13,6357
12,6358
14,6361
13,6362
13,6363
13,6364
14,6367
12,6369
13,6370
12,6372
13,6373
13,6374
12,6375
11,6376
12,6379
13,6384
14,6385
12,6387
11,6388
12,6389
12,6390
14,6392
13,6395
13,6396
13,6397
11,6398
14,6401
12,6402
13,6404
13,6406
11,6408
14,6409
12,6412
14,6413
12,6417
12,6420
11,6422
12,6423
12,6424
13,6426
11,6427
12,6429
13,6432
13,6433
13,6437
12,6438
14,6439
13,6440
11,6445
12,6446
12,6447
13,6448
14,6449
13,6452
14,6455
12,6458
13,6459
14,6460
13,6461
14,6462
12,6464
13,6466
13,6467
12,6471
14,6472
12,6473
14,6474
12,6476
12,6477
14,6478
12,6482
12,6483
14,6485
14,6486
12,6490
11,6494
13,6495
12,6496
13,6497
11,6498
12,6500
12,6502
12,6506
13,6508
12,6509
14,6512
13,6513
11,6516
11,6517
13,6518
14,6519
13,6520
13,6522
13,6523
13,6524
12,6525
14,6527
12,6530
13,6531
14,6533
10,6538
11,6540
14,6542
13,6544
11,6549
13,6552
14,6554
13,6555
12,6556
11,6558
13,6560
12,6562
10,6563
12,6564
10,6566
13,6568
12,6571
13,6572
14,6573
13,6574
13,6576
13,6578
12,6579
12,6585
13,6586
12,6588
12,6589
13,6590
13,6591
13,6594
13,6596
11,6601
14,6603
13,6604
13,6605
11,6606
11,6610
13,6612
12,6614
14,6616
14,6626
13,6633
12,6634
13,6636
12,6637
12,6638
13,6640
12,6644
13,6645
12,6648
12,6650
14,6652
12,6653
14,6654
14,6655
13,6656
13,6660
11,6661
12,6662
13,6664
13,6670
13,6672
12,6673
13,6674
11,6675
13,6685
13,6686
11,6692
12,6695
12,6697
14,6698
11,6699
13,6700
13,6701
13,6702
13,6707
12,6708
14,6709
14,6712
13,6713
12,6714
14,6715
15,6716
12,6719
12,6722
12,6724
12,6726
14,6728
13,6730
13,6731
12,6733
13,6734
12,6738
12,6741
12,6743
11,6744
12,6747
13,6748
12,6750
14,6751
12,6753
13,6755
12,6756
11,6757
13,6760
13,6766
13,6768
12,6770
12,6771
14,6772
13,6773
15,6774
14,6777
14,6779
12,6780
13,6783
15,6784
14,6785
13,6786
12,6792
13,6793
14,6795
11,6799
13,6800
12,6801
14,6804
13,6805
14,6806
12,6809
12,6811
12,6812
10,6814
12,6816
14,6818
13,6820
14,6831
14,6832
14,6833
12,6834
14,6836
11,6838
12,6844
13,6848
11,6854
12,6857
14,6859
12,6864
12,6867
13,6868
14,6870
11,6871
12,6872
12,6873
12,6876
12,6878
14,6879
12,6880
14,6882
13,6885
14,6886
14,6887
12,6891
13,6892
13,6894
13,6897
13,6898
11,6899
12,6900
13,6904
12,6905
12,6906
14,6909
13,6911
11,6912
13,6913
14,6914
12,6915
13,6918
12,6921
12,6925
12,6928
14,6930
13,6931
12,6935
11,6937
12,6939
13,6940
11,6950
12,6951
13,6957
12,6959
14,6963
13,6966
11,6967
13,6968
13,6970
12,6975
13,6977
11,6978
12,6980
12,6982
11,6989
12,6990
12,6991
14,6993
12,6996
12,6998
13,7001
13,7002
10,7004
13,7007
13,7008
11,7009
12,7011
13,7012
11,7015
13,7017
13,7021
12,7023
12,7025
12,7027
13,7029
12,7030
14,7031
13,7032
13,7033
13,7035
13,7037
11,7039
13,7040
14,7043
12,7044
13,7045
13,7046
12,7047
12,7048
12,7049
14,7052
13,7053
12,7054
13,7055
14,7056
14,7060
14,7062
15,7063
14,7064
11,7068
12,7076
14,7077
14,7079
12,7081
13,7082
13,7084
11,7086
14,7087
12,7088
12,7089
13,7090
13,7091
13,7093
12,7097
13,7101
12,7102
12,7104
12,7108
11,7110
13,7111
13,7112
12,7113
14,7115
13,7118
13,7120
12,7123
13,7125
12,7129
12,7133
13,7137
14,7140
12,7142
14,7143
13,7145
13,7148
12,7149
11,7151
12,7152
13,7153
12,7157
13,7159
14,7162
12,7168
13,7171
14,7174
13,7175
14,7177
12,7178
12,7180
13,7184
14,7186
14,7187
12,7188
13,7192
11,7197
13,7198
13,7200
14,7201
13,7202
11,7203
13,7204
14,7205
12,7206
13,7207
14,7216
12,7221
13,7222
12,7225
12,7228
14,7230
12,7234
12,7235
11,7237
13,7239
11,7243
13,7244
11,7246
12,7247
13,7249
13,7250
12,7251
14,7253
11,7258
14,7261
11,7262
12,7267
15,7269
13,7270
13,7271
12,7272
13,7274
10,7276
14,7278
12,7280
14,7282
15,7283
14,7284
13,7288
11,7290
13,7292
13,7295
12,7296
13,7302
14,7304
13,7305
14,7309
14,7314
13,7315
13,7318
12,7319
13,7320
12,7322
14,7324
13,7325
14,7327
11,7328
15,7331
13,7333
13,7334
13,7337
14,7347
12,7348
14,7350
11,7351
11,7354
14,7357
11,7358
12,7359
14,7360
14,7361
12,7363
12,7367
14,7368
12,7371
14,7372
12,7373
13,7374
12,7375
13,7376
12,7378
12,7380
14,7381
12,7384
12,7386
13,7387
11,7388
13,7390
13,7393
14,7394
12,7396
12,7397
13,7398
13,7401
13,7403
14,7404
13,7408
13,7409
12,7412
13,7414
13,7415
11,7416
11,7417
14,7419
12,7421
13,7423
12,7425
12,7426
14,7428
13,7430
14,7433
12,7434
13,7436
14,7438
13,7441
13,7445
12,7447
13,7448
13,7450
13,7459
13,7460
11,7462
12,7464
13,7466
13,7467
13,7469
11,7472
13,7473
13,7474
11,7475
13,7476
13,7480
13,7482
13,7485
13,7486
14,7488
14,7491
15,7493
12,7494
11,7495
10,7497
14,7498
13,7504
13,7505
11,7507
13,7509
13,7510
12,7515
15,7517
14,7518
14,7520
15,7522
11,7524
14,7525
12,7527
15,7529
13,7530
13,7532
14,7533
14,7534
12,7535
14,7539
12,7541
13,7545
14,7547
12,7552
11,7556
15,7558
11,7560
12,7565
12,7568
12,7569
13,7570
12,7571
13,7573
13,7575
11,7577
13,7579
13,7580
12,7581
12,7584
14,7586
14,7588
14,7589
12,7592
12,7595
12,7596
13,7597
14,7598
11,7599
12,7605
13,7610
14,7612
11,7613
14,7616
14,7618
13,7619
12,7621
14,7622
13,7623
14,7624
12,7631
13,7632
13,7635
12,7636
13,7640
11,7642
13,7643
13,7644
14,7645
11,7646
14,7647
12,7651
14,7652
14,7653
13,7655
12,7657
13,7660
13,7661
13,7662
13,7663
12,7664
12,7665
13,7667
13,7671
14,7672
14,7673
14,7674
13,7681
12,7684
11,7686
11,7687
12,7688
13,7691
13,7692
11,7695
13,7696
12,7697
13,7698
13,7700
13,7701
13,7703
13,7704
13,7708
14,7710
14,7712
13,7717
13,7718
14,7723
11,7726
14,7734
14,7735
15,7737
13,7739
12,7740
12,7741
13,7746
12,7747
13,7749
11,7750
14,7751
12,7752
14,7755
13,7760
13,7761
12,7762
12,7764
14,7766
13,7771
14,7773
11,7774
12,7777
13,7778
13,7780
14,7783
13,7784
14,7785
13,7790
13,7792
14,7795
12,7796
13,7797
13,7798
15,7801
13,7806
12,7808
13,7811
15,7815
13,7817
11,7820
14,7821
12,7823
14,7824
15,7826
13,7829
14,7836
12,7838
13,7839
12,7842
12,7843
13,7846
11,7847
10,7851
11,7854
12,7858
14,7860
14,7861
13,7862
12,7863
13,7864
10,7865
13,7866
12,7867
13,7870
12,7871
12,7878
14,7880
14,7882
15,7883
13,7888
12,7890
11,7891
12,7893
12,7894
12,7895
14,7896
13,7899
13,7901
14,7902
14,7905
13,7907
13,7910
13,7912
12,7913
12,7915
13,7916
12,7917
14,7918
14,7921
13,7924
13,7925
13,7927
13,7928
13,7930
12,7931
12,7932
12,7936
13,7937
13,7939
13,7940
13,7941
13,7948
14,7951
13,7952
12,7954
12,7957
12,7960
12,7962
10,7963
12,7965
13,7966
15,7974
14,7978
11,7979
13,7982
14,7983
13,7987
12,7988
14,7990
13,7992
15,7993
12,7994
12,7995
11,7998
13,8000
11,8001
13,8002
13,8003
13,8004
13,8006
12,8008
13,8012
14,8013
14,8022
16,8023
13,8024
14,8025
14,8026
12,8029
14,8031
14,8033
14,8035
14,8037
12,8040
13,8041
14,8042
14,8044
13,8046
11,8054
15,8056
12,8063
14,8065
13,8074
13,8079
12,8080
13,8081
12,8083
12,8086
13,8087
11,8091
14,8094
14,8096
11,8098
11,8099
13,8104
12,8105
14,8106
12,8107
11,8110
13,8111
13,8113
12,8117
13,8118
12,8123
14,8125
12,8126
14,8129
12,8130
10,8132
12,8135
13,8139
14,8140
14,8142
11,8144
14,8146
11,8148
13,8150
12,8151
12,8153
14,8154
14,8158
13,8160
14,8161
13,8162
12,8163
13,8165
12,8166
13,8167
11,8168
13,8169
14,8171
13,8173
14,8174
12,8176
15,8178
15,8179
13,8181
12,8182
13,8185
14,8186
12,8187
11,8189
13,8191
15,8192
13,8193
11,8198
12,8202
12,8203
13,8205
12,8206
12,8208
14,8209
14,8213
14,8215
13,8217
14,8220
13,8222
13,8223
13,8225
12,8229
14,8231
15,8234
13,8235
11,8236
12,8237
12,8239
12,8248
13,8249
14,8250
11,8253
14,8256
12,8257
12,8259
14,8260
13,8261
14,8262
13,8266
11,8267
12,8268
13,8271
12,8272
11,8275
11,8277
13,8278
14,8283
12,8287
13,8288
13,8289
12,8290
12,8291
12,8293
12,8295
14,8297
12,8298
14,8305
13,8310
13,8313
11,8315
14,8320
13,8325
12,8328
14,8330
14,8332
12,8333
13,8335
13,8336
14,8339
13,8342
12,8344
11,8347
14,8349
14,8352
13,8354
15,8355
13,8356
13,8359
11,8362
12,8364
13,8365
13,8368
13,8370
14,8373
14,8375
11,8378
11,8384
14,8386
13,8387
11,8388
13,8389
15,8390
11,8392
14,8394
12,8396
14,8400
13,8401
13,8404
12,8405
13,8406
13,8408
13,8410
13,8415
13,8418
12,8421
12,8424
12,8426
13,8430
12,8431
14,8436
13,8440
13,8443
13,8447
13,8450
13,8452
13,8455
13,8456
14,8458
15,8461
11,8463
14,8464
14,8466
13,8472
14,8473
14,8478
12,8480
13,8481
14,8482
15,8484
13,8487
12,8490
14,8491
14,8493
14,8494
13,8496
10,8497
13,8500
12,8501
14,8504
14,8506
12,8507
11,8510
13,8511
14,8515
13,8517
14,8518
14,8521
13,8522
13,8529
14,8532
12,8537
14,8539
13,8542
13,8543
13,8546
13,8549
13,8550
15,8551
13,8552
11,8554
12,8562
12,8564
11,8565
12,8566
12,8568
12,8569
13,8570
13,8573
14,8574
13,8578
12,8581
13,8582
14,8583
11,8585
14,8587
13,8590
12,8595
11,8596
12,8597
13,8599
12,8600
12,8602
13,8605
12,8606
12,8607
14,8612
12,8613
13,8614
12,8619
15,8620
12,8622
13,8624
13,8625
12,8626
13,8633
13,8642
12,8645
13,8649
13,8653
11,8657
12,8659
13,8660
15,8661
12,8663
13,8672
14,8675
12,8676
13,8677
14,8679
13,8681
13,8684
13,8685
13,8686
13,8687
14,8690
11,8692
13,8693
12,8694
13,8695
15,8697
13,8698
15,8700
12,8702
12,8703
14,8704
13,8705
13,8708
12,8709
12,8713
15,8715
13,8716
11,8718
12,8719
13,8721
12,8723
13,8724
14,8726
14,8727
14,8732
13,8737
13,8741
11,8745
12,8747
14,8749
13,8751
11,8753
14,8754
14,8755
14,8757
12,8759
11,8763
12,8765
13,8767
14,8770
14,8772
13,8773
12,8774
12,8775
12,8776
13,8778
14,8781
12,8783
13,8784
14,8786
12,8790
12,8791
14,8793
12,8795
14,8796
15,8799
13,8806
13,8807
13,8810
15,8811
12,8812
12,8814
14,8816
15,8828
12,8830
12,8831
12,8835
14,8836
13,8840
12,8843
13,8847
13,8855
14,8858
13,8860
15,8861
13,8862
12,8863
14,8864
14,8866
12,8867
12,8868
12,8875
14,8879
14,8882
12,8883
13,8886
10,8893
13,8894
13,8902
14,8907
13,8908
11,8912
14,8915
12,8916
12,8917
11,8918
14,8919
14,8921
13,8925
14,8927
13,8934
13,8935
13,8937
13,8938
13,8942
12,8944
13,8945
15,8950
13,8951
13,8953
14,8954
13,8958
14,8963
12,8965
13,8966
12,8968
13,8969
12,8972
12,8973
14,8974
11,8975
12,8977
15,8984
13,8985
13,8986
14,8989
13,8992
13,8993
13,8996
14,8998
14,9002
13,9004
13,9007
15,9010
12,9012
13,9016
14,9018
13,9022
13,9023
13,9029
15,9034
12,9037
12,9038
12,9039
12,9042
13,9043
11,9046
12,9048
13,9051
13,9058
12,9060
14,9065
14,9067
14,9069
13,9072
11,9074
12,9079
12,9080
12,9081
12,9082
12,9087
12,9092
14,9097
13,9099
15,9100
14,9101
13,9102
12,9104
12,9105
13,9106
14,9109
10,9111
13,9112
14,9123
12,9129
14,9130
13,9131
11,9138
12,9142
14,9143
13,9145
15,9147
12,9149
13,9153
12,9154
13,9158
13,9159
13,9160
12,9164
12,9165
14,9166
14,9167
14,9168
12,9170
14,9171
14,9175
14,9176
13,9178
13,9179
14,9181
15,9182
12,9183
13,9185
14,9186
12,9187
13,9192
14,9195
14,9197
13,9198
14,9199
12,9201
11,9202
12,9205
14,9207
14,9208
14,9209
14,9210
14,9211
13,9213
13,9217
13,9220
14,9221
12,9224
11,9225
12,9227
12,9230
14,9231
13,9232
11,9233
12,9236
12,9238
13,9239
12,9240
12,9241
13,9244
12,9245
14,9246
12,9247
14,9248
13,9251
12,9253
14,9254
13,9256
11,9258
13,9263
14,9264
16,9269
13,9271
13,9274
13,9281
13,9282
13,9283
13,9284
15,9287
13,9288
14,9293
13,9295
13,9298
12,9299
12,9302
12,9303
12,9307
11,9309
14,9315
14,9317
14,9318
13,9319
14,9326
14,9327
13,9330
12,9331
12,9336
14,9338
14,9341
12,9342
14,9343
13,9344
12,9346
15,9349
14,9353
12,9356
13,9357
14,9362
12,9363
14,9364
12,9365
13,9366
11,9368
14,9370
13,9372
13,9373
14,9376
13,9377
11,9380
13,9381
14,9385
14,9387
15,9391
14,9393
14,9394
13,9397
13,9399
14,9400
14,9401
14,9402
12,9406
13,9411
12,9416
12,9420
13,9426
13,9427
12,9428
12,9433
13,9435
13,9441
13,9442
15,9446
12,9448
15,9449
13,9451
13,9453
13,9455
13,9462
12,9464
13,9469
15,9471
13,9472
13,9477
14,9478
14,9483
13,9486
13,9487
13,9488
14,9489
14,9498
14,9503
13,9506
15,9508
13,9509
12,9512
14,9516
13,9518
14,9519
13,9520
15,9521
12,9523
14,9524
13,9525
13,9526
14,9527
14,9528
14,9532
14,9533
14,9536
14,9537
11,9543
11,9547
14,9550
14,9551
13,9556
15,9559
13,9560
13,9562
14,9563
13,9566
12,9567
13,9572
12,9575
15,9576
11,9587
12,9589
14,9590
13,9591
14,9593
13,9598
12,9599
13,9603
12,9605
11,9608
12,9609
11,9610
12,9611
13,9613
11,9615
13,9618
15,9620
15,9623
13,9626
13,9627
12,9629
12,9630
13,9634
14,9637
11,9638
12,9643
13,9645
14,9646
12,9647
13,9649
13,9650
12,9653
13,9655
14,9657
14,9659
12,9661
14,9663
11,9664
12,9670
12,9675
13,9679
14,9680
12,9681
14,9685
14,9687
13,9688
12,9689
13,9695
12,9701
13,9703
14,9707
13,9710
14,9714
14,9720
13,9722
12,9725
14,9726
14,9730
13,9732
11,9734
12,9735
13,9736
13,9740
13,9742
14,9744
13,9746
13,9747
12,9753
13,9756
13,9761
15,9763
13,9766
13,9767
14,9768
12,9770
12,9771
14,9774
11,9775
13,9776
14,9777
13,9778
14,9779
12,9781
11,9783
12,9785
13,9786
13,9789
11,9796
14,9797
11,9798
13,9803
15,9804
13,9805
13,9809
14,9812
13,9817
13,9819
14,9827
13,9830
13,9832
14,9833
13,9839
13,9841
13,9845
14,9847
13,9852
13,9855
12,9857
14,9858
12,9862
13,9876
13,9879
15,9884
12,9885
14,9887
13,9888
13,9889
14,9891
14,9895
13,9899
13,9907
13,9910
12,9913
14,9915
13,9917
14,9921
13,9922
12,9926
12,9934
14,9935
14,9940
15,9941
12,9943
14,9945
11,9946
11,9947
13,9949
13,9950
14,9951
14,9955
13,9956
10,9958
15,9960
14,9968
13,9971
14,9978
14,9982
12,9990
11,9995
13,9996
13,10010
13,10012
13,10015
13,10020
14,10024
13,10025
15,10026
12,10027
10,10029
11,10030
13,10034
14,10037
13,10038
14,10041
14,10042
13,10043
13,10044
12,10049
13,10051
13,10052
14,10062
11,10063
12,10064
14,10065
14,10068
13,10072
12,10073
13,10074
14,10075
11,10076
14,10077
14,10079
13,10081
13,10084
13,10086
13,10088
14,10089
12,10092
12,10096
14,10101
13,10102
13,10103
13,10106
13,10113
13,10119
12,10120
12,10121
14,10126
12,10128
13,10130
14,10134
13,10137
13,10138
13,10141
13,10142
15,10143
13,10145
14,10147
14,10149
13,10151
14,10152
12,10153
12,10154
11,10156
14,10158
12,10165
14,10168
13,10170
13,10173
14,10182
11,10188
13,10191
13,10192
13,10194
12,10197
13,10199
14,10201
14,10202
13,10205
13,10207
12,10215
13,10217
12,10220
12,10224
14,10228
11,10231
14,10237
12,10240
13,10242
15,10245
14,10249
14,10251
13,10257
12,10259
12,10265
13,10267
15,10269
13,10275
12,10276
14,10278
12,10280
14,10286
13,10287
14,10288
12,10290
15,10296
13,10297
13,10298
12,10301
13,10304
12,10306
12,10309
15,10312
13,10313
12,10318
12,10327
13,10328
12,10329
11,10332
13,10334
14,10336
14,10340
12,10341
14,10343
13,10349
12,10350
14,10351
12,10353
14,10356
12,10357
13,10358
14,10360
14,10364
13,10372
13,10375
13,10376
13,10378
13,10380
13,10382
14,10383
12,10384
13,10385
13,10387
13,10388
11,10390
13,10397
13,10398
13,10400
12,10403
13,10410
13,10411
13,10413
14,10420
15,10430
13,10431
13,10432
13,10437
13,10439
14,10441
13,10447
13,10448
13,10450
13,10451
12,10461
15,10462
13,10466
13,10467
13,10468
14,10471
13,10474
14,10478
13,10479
12,10482
11,10485
11,10490
12,10492
12,10501
15,10503
13,10504
12,10507
10,10508
12,10513
13,10515
12,10517
11,10519
13,10521
14,10522
14,10523
13,10527
12,10530
13,10532
12,10534
13,10536
13,10539
15,10541
13,10543
13,10544
11,10545
13,10548
12,10549
12,10550
13,10551
13,10557
12,10559
14,10561
13,10564
12,10573
13,10577
15,10580
13,10587
12,10588
11,10589
14,10591
14,10593
14,10596
12,10600
13,10602
11,10603
14,10605
11,10607
13,10609
14,10616
12,10617
11,10622
12,10627
11,10629
13,10631
11,10634
13,10638
14,10640
14,10641
13,10643
14,10645
13,10649
14,10650
14,10652
14,10654
15,10657
12,10659
13,10660
14,10666
12,10670
13,10676
14,10678
12,10681
13,10684
14,10686
13,10690
14,10692
13,10693
14,10694
14,10700
12,10706
12,10715
12,10717
14,10720
14,10723
13,10724
13,10728
14,10729
13,10730
12,10732
12,10735
10,10736
13,10737
13,10739
14,10740
13,10743
14,10745
12,10749
12,10751
13,10754
13,10755
13,10761
14,10763
11,10772
14,10773
12,10778
13,10787
15,10792
14,10795
15,10797
13,10798
13,10806
12,10808
13,10812
14,10814
12,10815
14,10817
12,10818
14,10823
13,10832
13,10836
13,10841
13,10842
12,10843
13,10849
14,10854
14,10856
12,10858
13,10866
13,10867
13,10871
12,10874
13,10876
13,10877
14,10878
13,10886
13,10887
14,10890
12,10891
13,10893
13,10900
13,10901
15,10902
13,10909
12,10910
12,10912
13,10918
12,10920
14,10921
13,10922
13,10923
13,10929
16,10930
13,10931
15,10932
14,10936
14,10939
11,10941
14,10943
15,10945
14,10951
12,10957
13,10960
13,10965
12,10967
11,10970
13,10972
13,10975
15,10982
14,10984
15,10995
13,11001
14,11007
14,11008
12,11009
13,11012
13,11015
13,11017
13,11018
14,11019
13,11022
14,11024
14,11028
12,11031
13,11032
14,11037
14,11041
12,11042
13,11045
14,11053
13,11056
12,11058
14,11061
13,11070
15,11071
13,11075
13,11076
12,11077
12,11082
14,11086
13,11089
12,11091
13,11100
12,11101
14,11103
13,11106
12,11109
13,11110
13,11111
15,11113
13,11124
16,11125
12,11127
14,11129
14,11132
11,11133
13,11135
13,11136
13,11137
14,11139
12,11140
12,11145
14,11146
14,11153
12,11155
11,11157
14,11161
14,11162
14,11167
12,11168
14,11179
13,11181
13,11182
13,11189
13,11190
15,11193
14,11199
13,11200
13,11204
14,11205
13,11208
15,11213
12,11214
13,11219
14,11220
13,11221
12,11223
12,11226
14,11227
13,11231
14,11234
13,11235
15,11237
14,11239
13,11240
14,11241
14,11244
13,11249
12,11252
14,11257
13,11258
13,11260
12,11266
12,11268
13,11271
13,11272
14,11276
13,11280
12,11281
13,11283
14,11284
13,11288
15,11290
15,11292
15,11294
15,11296
12,11297
13,11300
13,11307
12,11308
14,11311
14,11315
12,11316
12,11317
12,11318
13,11324
14,11328
14,11329
14,11337
14,11339
13,11341
11,11343
13,11344
13,11348
13,11349
15,11354
13,11357
15,11359
14,11366
12,11367
13,11371
13,11372
14,11373
12,11377
13,11384
14,11385
12,11386
14,11389
12,11392
12,11395
15,11398
11,11404
13,11405
11,11406
15,11407
12,11409
13,11414
12,11416
13,11418
13,11419
14,11421
12,11440
13,11441
15,11443
13,11446
12,11447
14,11448
13,11457
13,11458
14,11464
14,11467
13,11469
15,11473
14,11474
13,11476
13,11477
12,11478
13,11484
14,11487
14,11490
15,11495
13,11499
13,11507
13,11512
13,11513
14,11516
13,11517
13,11518
14,11519
13,11522
12,11525
11,11534
14,11536
14,11540
14,11541
14,11542
14,11543
14,11544
11,11545
11,11546
12,11556
15,11558
14,11564
13,11568
13,11570
13,11571
13,11574
14,11580
13,11583
12,11585
13,11587
14,11589
11,11591
14,11593
14,11595
15,11600
14,11601
11,11602
13,11606
13,11607
13,11611
12,11618
13,11620
12,11622
14,11624
14,11626
14,11629
13,11631
12,11638
13,11645
14,11648
14,11649
14,11650
14,11652
14,11655
14,11663
13,11664
13,11671
14,11675
13,11677
14,11680
11,11682
12,11683
12,11685
12,11687
13,11689
13,11693
14,11696
13,11698
14,11700
12,11702
11,11703
14,11706
12,11710
12,11711
13,11712
14,11716
14,11717
13,11726
14,11730
14,11731
11,11732
13,11734
13,11736
12,11742
14,11747
14,11749
12,11750
13,11751
13,11752
13,11754
14,11755
11,11756
12,11760
12,11765
12,11767
13,11778
14,11779
13,11786
12,11788
14,11791
13,11792
13,11794
14,11796
13,11799
14,11801
12,11804
12,11808
12,11809
14,11810
13,11816
14,11819
14,11820
14,11822
13,11823
13,11826
14,11833
12,11835
13,11838
14,11843
11,11844
13,11845
13,11846
13,11847
13,11851
13,11852
15,11854
14,11862
13,11866
13,11867
13,11868
13,11869
14,11870
13,11873
12,11874
14,11876
12,11878
12,11881
13,11882
13,11883
13,11891
14,11893
12,11895
14,11897
13,11898
14,11902
14,11903
14,11904
13,11905
13,11909
15,11912
11,11913
12,11914
13,11919
12,11920
13,11922
14,11927
12,11931
10,11932
13,11944
14,11950
12,11952
14,11953
14,11955
13,11961
14,11972
12,11973
12,11975
14,11978
13,11979
14,11980
14,11982
11,11983
12,11985
14,11986
13,11989
14,11991
11,11992
14,11993
12,11998
14,12004
14,12006
12,12009
13,12013
13,12022
12,12023
13,12025
13,12027
13,12029
15,12033
11,12037
13,12039
13,12040
13,12041
12,12044
12,12045
14,12051
13,12057
14,12062
13,12068
14,12070
12,12071
14,12073
14,12074
12,12081
12,12083
13,12086
14,12087
14,12088
13,12090
14,12094
12,12097
12,12101
13,12102
13,12105
14,12109
12,12112
14,12114
13,12117
14,12119
13,12123
11,12130
14,12131
14,12133
14,12138
13,12139
13,12140
12,12148
14,12150
14,12151
13,12153
13,12154
12,12157
13,12159
12,12162
13,12166
14,12169
13,12172
13,12175
11,12177
15,12178
14,12179
13,12180
13,12181
12,12182
13,12184
13,12190
14,12192
14,12195
13,12196
13,12203
14,12209
12,12213
14,12216
13,12220
13,12221
14,12223
14,12226
14,12229
13,12233
13,12234
14,12235
10,12236
12,12243
13,12246
13,12252
13,12253
13,12260
13,12261
14,12262
13,12263
14,12273
13,12277
14,12284
14,12288
11,12290
13,12292
13,12295
14,12298
12,12300
14,12302
14,12323
13,12324
14,12326
11,12330
14,12339
14,12353
13,12354
13,12355
13,12356
13,12357
13,12358
12,12363
14,12373
13,12375
14,12379
14,12386
13,12392
12,12393
13,12394
14,12396
12,12400
12,12404
15,12409
12,12410
12,12412
12,12414
12,12416
12,12420
14,12422
13,12427
12,12439
12,12440
14,12441
13,12445
13,12446
13,12448
13,12450
14,12454
14,12456
12,12460
12,12468
13,12471
14,12475
12,12480
14,12481
12,12483
14,12490
14,12492
14,12493
14,12494
14,12496
12,12497
13,12501
14,12504
13,12514
13,12515
13,12516
13,12523
14,12525
13,12530
13,12531
13,12535
14,12538
12,12539
13,12541
14,12545
11,12548
15,12551
13,12553
15,12555
14,12557
13,12558
13,12563
14,12566
13,12574
15,12575
14,12576
12,12578
14,12579
12,12581
14,12587
11,12593
12,12596
12,12597
15,12599
12,12602
11,12603
13,12604
13,12605
12,12613
12,12615
12,12618
12,12620
15,12623
13,12634
14,12637
12,12638
12,12641
14,12642
13,12644
14,12645
14,12658
12,12659
12,12665
14,12676
13,12679
14,12680
13,12682
11,12683
12,12691
14,12699
13,12724
13,12730
14,12731
13,12733
14,12736
13,12738
12,12740
15,12741
12,12744
14,12747
14,12751
14,12754
15,12756
14,12763
14,12765
13,12766
15,12768
14,12771
15,12773
12,12776
12,12779
15,12785
14,12787
13,12792
12,12803
13,12807
12,12809
12,12813
13,12816
15,12819
14,12820
13,12822
12,12836
13,12838
14,12843
14,12850
15,12853
12,12854
14,12858
12,12861
12,12862
13,12863
12,12865
13,12866
14,12870
13,12872
15,12875
11,12878
13,12883
14,12884
12,12885
12,12886
15,12900
14,12910
12,12916
13,12924
12,12930
13,12932
14,12934
14,12936
13,12937
13,12938
13,12943
12,12951
13,12953
13,12954
14,12962
13,12966
11,12967
14,12970
12,12974
14,12980
14,12989
14,12990
12,12992
13,12997
12,13002
14,13011
12,13015
13,13018
15,13020
13,13025
12,13030
14,13032
12,13033
14,13038
13,13040
13,13050
12,13056
12,13060
13,13066
12,13068
14,13070
12,13072
14,13074
13,13076
14,13077
14,13078
14,13081
12,13083
13,13085
12,13092
13,13097
14,13099
14,13103
14,13105
14,13107
12,13118
13,13122
13,13127
15,13129
13,13134
14,13144
14,13152
14,13155
15,13166
14,13169
12,13170
15,13173
12,13174
13,13178
13,13181
13,13182
14,13185
15,13186
15,13187
13,13188
13,13191
13,13192
12,13195
15,13202
15,13211
15,13212
15,13216
13,13219
11,13223
12,13230
14,13235
14,13237
13,13239
14,13245
13,13246
14,13248
15,13249
14,13258
14,13262
13,13265
13,13268
11,13269
14,13275
14,13279
13,13281
14,13292
14,13294
12,13295
12,13296
13,13303
13,13305
12,13306
12,13313
13,13316
13,13318
13,13319
12,13325
15,13326
14,13335
14,13337
14,13340
13,13341
14,13343
15,13345
13,13352
13,13358
12,13359
13,13362
14,13363
13,13367
13,13372
13,13373
13,13376
15,13377
14,13381
15,13383
14,13385
14,13389
13,13392
13,13401
13,13406
14,13408
13,13409
14,13417
13,13423
13,13425
13,13429
13,13437
15,13445
12,13449
11,13451
14,13452
12,13453
12,13461
13,13465
14,13466
13,13474
13,13475
14,13480
13,13482
11,13484
14,13486
13,13490
12,13493
12,13500
13,13502
13,13503
13,13504
14,13511
14,13516
13,13523
12,13524
13,13531
12,13532
13,13535
13,13536
15,13537
12,13539
13,13542
15,13547
14,13555
13,13559
11,13563
14,13568
12,13575
15,13584
14,13596
13,13597
13,13598
13,13599
12,13603
14,13606
12,13607
14,13610
14,13612
13,13613
13,13614
13,13619
13,13620
13,13623
15,13624
13,13625
14,13627
16,13629
13,13632
14,13633
13,13635
12,13649
13,13650
14,13651
12,13652
13,13654
12,13655
14,13657
12,13658
13,13660
12,13666
15,13668
14,13669
14,13672
14,13675
14,13679
13,13680
12,13681
12,13682
15,13683
12,13693
12,13697
13,13698
13,13699
12,13707
13,13709
13,13716
13,13724
14,13725
11,13730
13,13732
14,13734
13,13742
12,13745
13,13748
15,13752
13,13756
13,13757
13,13768
14,13769
14,13771
13,13775
13,13776
13,13780
14,13781
15,13786
12,13790
13,13795
12,13798
12,13799
13,13801
11,13803
10,13806
13,13807
12,13817
14,13825
13,13832
13,13835
13,13836
13,13849
13,13853
14,13866
13,13868
14,13869
14,13875
12,13879
13,13880
14,13881
13,13884
14,13890
14,13900
14,13914
14,13916
11,13918
13,13920
14,13921
14,13922
13,13924
12,13931
14,13941
14,13946
12,13951
14,13955
14,13959
12,13964
11,13973
14,13974
13,13981
14,13983
15,13984
14,13991
13,13993
13,14011
13,14013
13,14017
13,14018
15,14030
15,14031
14,14032
15,14038
15,14047
14,14048
14,14058
13,14061
13,14063
10,14064
14,14065
13,14070
12,14072
13,14078
13,14080
13,14086
14,14094
13,14095
13,14096
12,14097
13,14102
14,14107
13,14111
12,14113
14,14116
15,14117
15,14120
12,14132
14,14133
14,14136
15,14139
14,14145
14,14153
13,14156
14,14159
13,14160
13,14163
12,14178
14,14179
13,14184
15,14192
13,14199
13,14202
13,14203
13,14210
15,14214
14,14224
13,14226
14,14234
13,14250
12,14251
12,14253
11,14257
12,14260
16,14263
12,14268
16,14270
13,14272
13,14279
12,14290
13,14295
14,14300
15,14313
14,14317
14,14318
15,14322
13,14325
13,14335
12,14336
13,14351
14,14357
15,14363
12,14364
13,14377
15,14382
14,14384
13,14386
14,14401
15,14403
12,14404
12,14409
14,14424
12,14439
12,14442
13,14443
13,14447
13,14449
14,14450
12,14451
14,14454
14,14456
15,14457
14,14461
13,14463
15,14473
14,14475
12,14477
14,14491
14,14492
14,14497
12,14499
12,14506
14,14511
14,14522
12,14527
13,14531
13,14535
12,14540
12,14543
12,14544
15,14546
13,14552
13,14553
12,14554
14,14556
14,14561
12,14562
13,14565
13,14569
15,14571
13,14574
14,14577
13,14579
12,14584
13,14588
14,14592
14,14594
13,14603
13,14608
13,14615
14,14616
14,14619
13,14620
12,14622
13,14630
12,14636
14,14637
15,14645
12,14647
13,14648
14,14649
14,14651
12,14654
15,14659
14,14660
12,14664
11,14666
13,14672
14,14673
14,14676
14,14681
14,14682
15,14688
13,14695
14,14699
12,14705
12,14706
14,14709
13,14718
12,14720
15,14723
15,14724
14,14727
12,14728
12,14731
13,14736
13,14738
14,14745
13,14750
13,14758
11,14759
11,14762
13,14764
13,14765
12,14766
15,14771
14,14781
14,14783
14,14784
15,14787
14,14790
13,14794
14,14796
14,14797
13,14799
12,14800
14,14802
12,14805
13,14819
14,14820
15,14821
13,14825
14,14839
14,14843
14,14844
14,14845
15,14853
13,14857
11,14858
12,14861
14,14869
12,14870
14,14873
14,14874
12,14880
14,14892
14,14897
14,14899
15,14905
13,14909
12,14922
13,14926
14,14927
12,14928
13,14932
15,14934
11,14937
15,14938
13,14939
14,14941
14,14948
13,14956
14,14960
13,14967
14,14969
13,14976
13,14979
14,14988
12,14997
13,14999
15,15001
14,15003
12,15014
13,15018
16,15020
13,15026
13,15039
15,15042
15,15047
13,15053
15,15054
15,15058
11,15060
13,15062
15,15066
12,15067
12,15068
14,15069
14,15070
14,15072
14,15075
14,15077
13,15091
13,15101
14,15103
14,15109
12,15112
14,15117
12,15119
13,15122
12,15135
14,15142
14,15147
14,15148
11,15152
13,15155
15,15163
11,15166
14,15168
14,15171
13,15181
14,15190
11,15198
15,15213
13,15214
14,15215
13,15220
13,15222
15,15229
13,15230
12,15236
13,15237
13,15238
14,15239
13,15240
15,15257
14,15260
13,15261
12,15269
15,15273
14,15274
14,15275
13,15277
12,15278
13,15279
14,15284
12,15288
13,15301
14,15306
14,15307
14,15311
12,15312
14,15313
12,15315
14,15323
12,15326
12,15335
13,15337
14,15338
13,15342
12,15353
14,15355
13,15356
14,15357
12,15370
13,15372
11,15374
14,15378
14,15380
12,15386
11,15387
13,15393
14,15397
14,15402
13,15403
12,15405
13,15407
14,15413
14,15421
13,15429
11,15444
14,15459
14,15460
12,15465
14,15467
13,15469
14,15482
13,15484
14,15486
14,15488
13,15490
13,15492
14,15496
12,15515
15,15523
14,15526
14,15527
13,15534
12,15541
13,15547
14,15553
13,15554
12,15556
13,15568
14,15569
14,15575
14,15576
14,15584
13,15596
15,15601
15,15602
12,15604
13,15614
13,15617
14,15622
14,15626
15,15627
14,15628
14,15639
12,15644
14,15651
12,15652
14,15655
13,15657
13,15672
15,15675
13,15679
15,15680
13,15684
13,15707
12,15717
12,15719
11,15721
13,15722
13,15726
14,15729
12,15734
11,15736
14,15745
14,15747
14,15749
14,15752
15,15761
12,15762
13,15765
14,15771
14,15772
13,15776
14,15785
13,15790
14,15796
13,15798
14,15799
11,15801
13,15805
12,15810
14,15811
12,15812
13,15814
14,15832
13,15836
12,15839
13,15848
13,15851
15,15852
14,15854
14,15861
11,15862
13,15864
12,15870
13,15872
14,15883
13,15884
13,15886
13,15907
14,15928
13,15936
13,15943
12,15946
13,15957
13,15982
13,15984
11,15998
13,16004
11,16006
15,16007
14,16017
12,16020
12,16030
15,16036
13,16040
13,16045
14,16053
12,16057
13,16060
14,16062
12,16067
14,16073
12,16077
15,16084
14,16088
14,16095
13,16099
12,16102
15,16112
14,16115
14,16120
13,16121
13,16150
13,16159
13,16161
12,16166
15,16190
12,16198
14,16202
14,16206
13,16207
15,16214
12,16223
12,16229
14,16234
11,16235
12,16238
11,16240
14,16244
14,16255
14,16261
14,16269
12,16271
14,16277
13,16279
15,16281
15,16284
14,16291
13,16301
14,16307
14,16308
12,16311
13,16319
12,16327
15,16328
13,16330
12,16339
15,16343
15,16346
14,16352
15,16375
14,16399
13,16404
13,16408
15,16410
14,16411
14,16414
13,16416
13,16419
11,16423
15,16424
11,16427
15,16431
14,16432
13,16439
14,16443
13,16444
14,16448
13,16450
13,16454
12,16457
13,16462
13,16463
13,16465
12,16473
13,16474
12,16478
11,16479
13,16480
13,16484
14,16486
14,16489
13,16492
13,16495
13,16501
13,16502
13,16515
14,16520
15,16521
14,16522
14,16539
14,16543
15,16547
14,16553
13,16558
13,16568
14,16570
14,16571
14,16573
12,16577
14,16578
14,16583
12,16587
15,16592
13,16593
14,16594
14,16603
12,16605
13,16610
15,16612
13,16624
15,16629
12,16633
13,16641
14,16644
13,16646
12,16648
13,16652
14,16655
12,16658
13,16662
13,16672
13,16673
15,16675
13,16676
14,16693
15,16696
14,16711
14,16713
13,16716
12,16717
14,16724
13,16726
14,16734
13,16742
12,16744
13,16758
15,16766
13,16780
14,16782
14,16790
14,16797
16,16800
13,16809
14,16813
13,16815
13,16822
14,16845
12,16849
14,16855
14,16861
13,16863
12,16875
15,16883
13,16887
14,16892
13,16895
13,16897
12,16902
13,16911
14,16921
14,16922
12,16936
13,16947
13,16950
13,16960
13,16966
15,16972
14,16973
12,16974
14,16980
15,16981
14,16990
14,16994
12,16996
12,16997
13,17019
13,17030
14,17033
14,17037
16,17041
13,17051
15,17055
13,17068
12,17069
12,17070
11,17078
13,17085
14,17093
15,17098
13,17103
13,17112
13,17114
14,17123
13,17134
12,17145
15,17154
14,17163
14,17169
13,17176
14,17180
13,17182
15,17184
14,17186
13,17191
12,17206
14,17210
14,17219
13,17221
13,17227
15,17228
14,17257
13,17266
11,17290
13,17291
13,17302
12,17311
13,17313
12,17314
14,17318
13,17319
13,17322
14,17327
13,17338
11,17348
13,17349
13,17355
13,17362
15,17368
13,17386
15,17393
15,17400
12,17411
13,17415
12,17416
12,17437
14,17440
14,17447
12,17448
13,17463
12,17465
15,17467
12,17483
11,17494
12,17495
12,17505
12,17512
14,17529
12,17540
14,17547
13,17554
14,17557
14,17565
14,17567
14,17568
13,17582
14,17583
13,17595
14,17598
14,17599
13,17611
13,17614
13,17617
13,17619
14,17637
13,17639
14,17669
13,17670
14,17672
13,17677
14,17681
14,17682
13,17689
12,17695
14,17697
13,17706
13,17714
13,17722
14,17727
14,17728
14,17735
13,17741
12,17748
13,17755
11,17764
13,17765
15,17772
15,17778
14,17786
12,17811
13,17822
12,17826
12,17830
14,17838
16,17842
13,17844
14,17845
14,17847
13,17857
12,17868
13,17876
12,17883
15,17884
14,17890
15,17899
12,17901
15,17910
13,17947
13,17952
12,17953
12,17954
13,17957
15,17963
14,17965
14,17969
12,17970
13,17972
14,17974
13,17975
13,17979
13,17987
12,17988
12,17990
13,17995
14,17998
13,18008
13,18012
14,18013
13,18020
15,18030
13,18033
14,18034
13,18037
12,18038
14,18039
14,18043
12,18052
12,18053
14,18055
13,18060
14,18063
13,18072
14,18082
12,18111
15,18112
13,18119
12,18135
13,18141
13,18142
14,18143
12,18146
13,18149
14,18157
13,18160
14,18166
14,18172
13,18173
14,18179
12,18188
14,18196
13,18206
14,18208
15,18212
15,18222
13,18227
13,18232
14,18285
14,18294
14,18295
13,18299
12,18303
11,18306
14,18308
14,18310
14,18312
12,18314
14,18316
16,18317
13,18319
13,18321
15,18331
15,18332
13,18336
13,18345
15,18356
13,18361
11,18394
13,18398
14,18401
14,18410
13,18417
14,18424
13,18438
14,18439
12,18450
14,18456
14,18471
13,18487
12,18490
12,18492
12,18499
14,18502
14,18504
13,18505
11,18516
14,18522
15,18528
13,18529
12,18532
15,18535
12,18544
13,18548
11,18549
14,18561
14,18565
16,18567
14,18580
15,18581
13,18583
13,18586
14,18587
14,18590
13,18591
14,18598
15,18610
15,18622
13,18623
13,18626
12,18627
14,18636
13,18639
12,18659
14,18667
12,18670
13,18675
15,18679
15,18709
14,18711
13,18716
14,18726
12,18730
12,18738
13,18742
13,18751
14,18756
12,18764
13,18771
14,18772
15,18780
13,18787
14,18789
13,18794
14,18797
15,18799
14,18802
14,18818
13,18824
12,18837
14,18838
14,18854
14,18865
13,18879
14,18888
13,18892
13,18896
14,18911
14,18919
12,18928
13,18930
15,18939
13,18947
13,18956
15,18964
14,18965
14,18967
14,18974
11,18978
15,18995
14,19000
12,19001
12,19003
13,19010
14,19020
14,19035
14,19051
14,19059
13,19062
15,19079
13,19080
15,19082
14,19089
12,19092
13,19095
15,19102
13,19110
13,19112
16,19124
13,19143
14,19144
12,19147
11,19163
15,19168
13,19173
13,19177
13,19187
13,19189
13,19201
14,19208
15,19215
12,19226
14,19227
12,19231
16,19247
13,19248
14,19257
13,19266
13,19271
13,19278
12,19279
15,19282
12,19297
12,19303
13,19313
13,19331
13,19338
14,19351
13,19354
13,19356
15,19365
14,19367
13,19370
12,19371
13,19372
13,19377
12,19385
14,19396
13,19399
14,19401
12,19402
12,19410
14,19412
14,19414
14,19415
14,19416
13,19420
13,19424
14,19435
14,19442
16,19470
15,19471
14,19472
14,19483
13,19484
13,19493
13,19498
12,19505
14,19506
14,19509
13,19517
13,19534
13,19547
13,19548
13,19557
13,19566
14,19570
13,19584
15,19590
14,19603
15,19604
13,19609
13,19620
13,19636
15,19652
12,19654
15,19668
12,19672
15,19677
13,19696
13,19702
12,19707
13,19711
14,19727
15,19729
13,19732
12,19733
11,19744
15,19750
14,19753
13,19755
14,19761
15,19765
14,19767
13,19771
12,19775
13,19779
13,19795
14,19807
14,19831
14,19835
16,19844
11,19854
15,19859
14,19860
15,19869
15,19870
12,19880
13,19881
13,19885
13,19886
13,19895
12,19902
14,19904
14,19905
12,19910
12,19914
13,19917
14,19922
12,19958
15,19973
15,19980
14,19991
14,20002
13,20013
15,20021
12,20022
12,20025
12,20026
14,20036
14,20037
15,20039
14,20045
11,20046
13,20069
15,20075
13,20078
12,20090
13,20097
14,20105
14,20112
13,20118
12,20120
13,20127
14,20134
13,20158
14,20163
14,20166
12,20168
11,20169
14,20184
12,20203
14,20213
13,20222
13,20225
13,20238
13,20242
13,20243
14,20244
14,20249
12,20250
14,20257
13,20261
15,20275
14,20283
15,20285
15,20286
12,20297
12,20300
15,20304
13,20310
14,20327
12,20333
12,20335
13,20338
14,20339
14,20346
13,20351
14,20352
13,20355
13,20374
15,20389
14,20394
13,20397
13,20409
11,20442
13,20451
12,20456
14,20468
11,20471
12,20488
12,20491
13,20493
13,20496
14,20498
13,20505
12,20508
13,20513
14,20524
14,20525
13,20531
13,20538
15,20541
14,20553
12,20558
13,20559
14,20567
13,20577
14,20588
15,20592
13,20598
14,20607
15,20609
13,20611
13,20617
14,20637
14,20642
14,20645
12,20656
13,20671
14,20696
12,20706
15,20710
13,20711
14,20713
13,20726
13,20730
14,20737
14,20739
14,20740
15,20750
14,20752
12,20754
16,20780
14,20805
13,20809
12,20832
14,20839
14,20854
12,20871
13,20882
12,20895
13,20913
14,20933
15,20948
13,20954
15,20962
13,20967
14,20971
15,20974
14,20995
13,21034
15,21038
13,21045
13,21062
12,21072
14,21080
15,21089
13,21096
13,21099
13,21102
13,21112
13,21118
12,21126
14,21134
13,21135
14,21139
12,21147
13,21168
11,21180
13,21191
15,21194
14,21206
13,21225
14,21227
13,21260
12,21264
15,21287
12,21301
16,21311
12,21340
14,21381
12,21402
12,21405
15,21407
13,21411
13,21417
14,21424
14,21435
14,21439
14,21444
12,21456
15,21457
14,21462
14,21463
14,21507
15,21514
13,21518
15,21523
12,21532
12,21534
14,21541
13,21543
15,21544
14,21557
14,21567
12,21568
14,21576
14,21590
13,21617
13,21625
12,21631
14,21636
14,21640
13,21643
13,21647
14,21669
15,21677
15,21681
13,21683
14,21697
13,21713
13,21725
14,21726
15,21734
14,21735
13,21744
14,21746
14,21760
12,21761
14,21764
14,21767
14,21770
13,21779
14,21791
14,21827
14,21830
12,21840
13,21846
15,21848
14,21868
15,21875
15,21880
15,21895
12,21898
15,21904
12,21908
13,21933
14,21950
13,21958
13,21960
15,21964
14,21972
14,21974
15,21996
14,22006
13,22012
15,22034
15,22049
14,22055
14,22058
14,22059
13,22077
15,22078
13,22080
15,22104
12,22109
13,22113
12,22124
13,22126
14,22132
14,22152
14,22154
13,22165
14,22191
15,22220
15,22227
14,22239
16,22242
13,22254
13,22258
14,22268
13,22275
13,22286
13,22296
15,22308
14,22317
13,22319
13,22326
13,22327
13,22329
13,22333
13,22334
14,22336
12,22341
14,22353
14,22364
13,22383
12,22392
12,22395
15,22414
13,22424
15,22425
13,22437
13,22442
13,22446
14,22480
14,22483
13,22490
13,22518
13,22522
13,22544
14,22553
13,22555
14,22563
14,22574
14,22596
14,22623
14,22632
14,22663
13,22665
14,22670
14,22673
14,22690
14,22696
15,22706
13,22718
14,22728
14,22732
13,22735
13,22754
13,22755
12,22760
14,22762
13,22773
15,22809
11,22811
14,22818
14,22821
14,22826
14,22830
14,22831
12,22837
13,22839
14,22844
14,22864
14,22867
13,22873
14,22879
13,22892
14,22897
14,22903
13,22906
12,22907
13,22908
14,22913
14,22918
13,22919
13,22922
13,22933
14,22944
13,22950
14,22966
14,22970
12,22972
15,22977
14,22990
15,22996
14,23021
12,23023
14,23024
12,23047
14,23056
14,23072
14,23073
15,23087
13,23088
13,23099
14,23100
14,23106
14,23112
12,23113
13,23120
14,23122
15,23165
13,23172
15,23178
14,23179
15,23194
14,23197
14,23207
11,23217
14,23218
13,23222
13,23232
15,23239
13,23249
12,23254
14,23256
14,23258
15,23260
13,23272
14,23279
15,23304
14,23346
13,23347
13,23350
13,23358
13,23371
14,23377
13,23378
14,23411
11,23426
13,23436
14,23442
14,23443
12,23484
13,23492
16,23496
12,23503
14,23526
14,23530
14,23540
14,23542
12,23554
15,23577
14,23595
14,23611
12,23615
14,23630
15,23634
14,23643
16,23644
15,23646
14,23655
13,23661
15,23667
14,23668
13,23670
15,23673
14,23677
13,23678
14,23685
15,23687
14,23704
13,23709
12,23716
14,23726
12,23728
13,23772
14,23778
13,23798
12,23801
12,23814
13,23844
14,23857
14,23938
14,23963
14,23964
13,23988
14,24005
14,24022
12,24028
13,24031
13,24039
12,24044
14,24052
14,24059
15,24063
11,24075
13,24078
15,24103
12,24127
12,24130
13,24132
15,24133
14,24148
11,24161
13,24164
16,24166
14,24177
12,24189
12,24193
13,24200
14,24202
12,24204
13,24210
13,24235
14,24248
12,24252
14,24261
14,24275
13,24281
12,24289
14,24326
12,24336
13,24342
12,24345
14,24355
14,24363
12,24364
15,24371
15,24374
13,24375
15,24377
12,24384
12,24396
14,24401
14,24415
13,24419
14,24427
12,24479
15,24501
14,24541
13,24563
14,24564
12,24569
11,24571
12,24577
15,24602
14,24625
14,24649
14,24687
12,24709
13,24719
13,24722
12,24727
14,24744
12,24747
10,24754
14,24759
14,24763
14,24778
13,24783
14,24787
13,24796
13,24797
15,24831
13,24833
13,24840
14,24845
14,24865
13,24870
14,24880
14,24892
13,24900
14,24903
14,24909
14,24958
15,24968
14,24986
13,24988
13,25014
16,25037
13,25050
14,25051
14,25071
13,25074
14,25082
14,25107
12,25110
13,25119
15,25141
12,25155
13,25166
15,25168
14,25186
13,25206
12,25208
13,25209
14,25221
14,25244
14,25249
13,25263
15,25267
14,25291
15,25314
14,25331
14,25348
13,25351
12,25360
13,25364
14,25380
13,25408
15,25415
12,25422
12,25424
15,25443
12,25445
14,25448
13,25451
12,25457
14,25458
15,25460
13,25472
14,25486
14,25510
12,25512
12,25533
13,25542
14,25546
12,25548
12,25549
14,25569
14,25572
12,25594
15,25601
15,25603
14,25608
14,25623
14,25630
12,25642
12,25645
15,25653
14,25662
13,25671
12,25776
13,25792
13,25796
14,25810
14,25872
15,25881
13,25886
14,25894
13,25899
13,25913
15,25920
14,25929
14,25953
13,25969
14,25970
12,25986
13,25988
14,26016
13,26020
12,26037
13,26040
14,26051
13,26063
12,26087
15,26097
12,26098
12,26123
13,26125
14,26148
15,26174
15,26211
13,26233
11,26261
14,26271
12,26276
13,26277
13,26298
15,26302
14,26309
13,26322
13,26331
14,26348
15,26369
14,26379
14,26385
12,26472
13,26503
13,26504
13,26505
13,26512
14,26525
14,26526
14,26537
12,26541
14,26559
12,26570
15,26576
13,26577
12,26579
12,26581
14,26596
12,26606
14,26629
14,26655
13,26660
14,26663
16,26679
15,26688
13,26710
12,26715
13,26721
14,26748
14,26751
12,26806
12,26809
14,26811
13,26816
15,26820
13,26831
14,26866
14,26867
14,26885
15,26886
13,26892
15,26903
13,26912
14,26915
15,26924
13,26927
14,26966
13,26967
13,26976
14,26995
15,27019
13,27026
11,27029
13,27037
14,27116
14,27138
14,27139
13,27150
14,27153
15,27171
13,27206
13,27232
14,27234
14,27241
13,27245
12,27253
14,27255
13,27282
10,27289
12,27291
15,27299
14,27313
13,27345
13,27365
13,27413
14,27417
14,27432
14,27443
12,27451
15,27456
13,27460
14,27477
15,27480
13,27489
15,27497
14,27501
14,27509
12,27511
14,27528
14,27538
13,27559
13,27574
12,27578
12,27579
13,27591
13,27599
14,27609
14,27613
13,27617
14,27676
12,27679
13,27681
15,27684
14,27688
15,27723
15,27775
15,27786
14,27789
14,27792
15,27797
13,27803
13,27819
14,27824
14,27835
15,27853
14,27857
14,27879
12,27887
15,27902
14,27947
14,27969
13,28047
12,28050
11,28058
15,28074
14,28076
12,28084
14,28113
12,28116
14,28186
14,28187
14,28193
14,28203
15,28228
12,28242
14,28287
14,28298
16,28299
15,28304
12,28322
14,28338
13,28340
13,28345
12,28347
13,28353
13,28366
14,28382
14,28393
13,28396
14,28447
14,28451
14,28475
16,28476
13,28486
13,28534
14,28552
16,28555
15,28564
13,28576
13,28580
14,28595
13,28617
14,28642
14,28662
13,28663
13,28678
14,28694
14,28732
14,28754
14,28755
12,28757
14,28764
14,28781
14,28820
13,28821
13,28839
13,28845
14,28877
14,28895
14,28916
13,28919
14,28929
13,28973
13,29008
13,29009
14,29023
13,29046
13,29055
14,29063
14,29066
13,29101
12,29137
14,29143
14,29159
14,29167
13,29173
15,29186
13,29192
13,29215
13,29235
12,29266
14,29291
14,29297
13,29304
12,29311
14,29340
12,29346
15,29359
13,29371
14,29395
12,29403
12,29414
12,29461
14,29478
15,29524
14,29583
13,29641
11,29647
15,29661
13,29720
14,29759
13,29763
13,29781
13,29786
13,29793
13,29796
14,29808
14,29815
12,29863
13,29881
14,29893
14,29916
12,29920
14,29921
13,29933
14,29947
14,29978
15,29981
13,30001
14,30002
12,30048
14,30051
16,30080
15,30099
13,30102
16,30108
13,30111
14,30137
13,30145
14,30157
14,30172
12,30183
14,30221
13,30228
15,30242
13,30244
14,30252
14,30290
16,30299
14,30302
13,30355
13,30388
13,30410
15,30430
14,30437
14,30438
13,30457
13,30459
12,30480
11,30521
15,30525
13,30528
12,30572
11,30586
15,30670
15,30684
13,30691
14,30723
15,30775
13,30816
14,30829
13,30843
12,30858
13,30875
13,30878
14,30936
15,30947
14,30969
14,30971
14,30973
12,31063
14,31108
14,31117
14,31129
13,31152
13,31175
14,31215
15,31220
11,31296
11,31307
14,31318
13,31348
14,31390
14,31400
15,31453
14,31463
14,31496
14,31526
13,31547
13,31576
14,31578
13,31587
13,31643
13,31645
14,31682
15,31744
12,31761
13,31798
14,31829
12,31854
14,31897
15,31920
14,31987
13,32012
12,32058
15,32060
14,32085
14,32108
13,32124
11,32127
15,32136
14,32168
13,32187
12,32222
13,32268
14,32318
14,32326
12,32355
14,32380
13,32442
15,32448
14,32462
15,32464
12,32481
15,32500
14,32516
15,32556
13,32585
14,32690
13,32704
14,32713
15,32728
13,32757
15,32772
13,32787
15,32793
12,32802
15,32805
14,32835
16,32839
15,32846
15,32905
15,32913
14,32936
15,32941
12,32976
14,33038
14,33050
15,33054
13,33060
15,33069
14,33114
14,33129
14,33159
14,33160
15,33161
14,33167
12,33194
14,33201
13,33246
13,33255
12,33280
13,33372
14,33374
14,33378
14,33385
12,33417
14,33457
14,33507
13,33511
13,33512
14,33552
13,33595
14,33602
14,33642
15,33675
14,33676
14,33688
13,33725
12,33799
14,33813
14,33841
14,33848
13,33862
13,33869
13,33872
15,33913
15,33944
14,33977
11,34003
12,34048
13,34060
14,34078
12,34103
12,34141
14,34210
13,34217
15,34242
15,34243
13,34256
15,34259
13,34285
12,34302
13,34312
14,34326
14,34385
13,34414
14,34431
15,34440
14,34453
13,34475
14,34488
13,34536
13,34609
13,34611
15,34626
12,34628
15,34674
12,34752
13,34771
14,34792
13,34798
13,34818
13,34832
14,34848
13,34850
14,34877
15,34963
13,35138
13,35183
14,35184
15,35203
13,35212
15,35227
14,35228
13,35279
13,35283
15,35286
13,35293
14,35348
14,35356
14,35359
14,35362
13,35451
15,35458
14,35462
13,35496
14,35593
14,35594
13,35600
12,35608
13,35639
13,35646
13,35692
15,35731
13,35744
13,35754
14,35784
12,35798
15,35810
14,35854
13,35858
14,35903
13,35919
15,36011
13,36026
13,36079
13,36085
12,36095
13,36135
13,36137
16,36148
12,36241
14,36296
15,36306
14,36308
14,36413
13,36484
15,36574
11,36591
12,36647
13,36680
14,36701
13,36719
14,36721
12,36789
14,36790
14,36797
15,36803
13,36846
14,36946
12,36966
12,36981
13,37009
14,37013
12,37015
13,37113
14,37128
12,37167
14,37179
15,37188
12,37356
12,37427
14,37451
13,37471
12,37655
15,37678
15,37725
12,37871
15,37968
14,37974
13,37985
15,38016
14,38031
15,38226
13,38284
12,38365
15,38375
13,38397
12,38432
13,38451
12,38467
15,38549
12,38605
16,38629
13,38658
12,38736
15,38757
13,38791
13,38871
14,38944
14,38998
13,39049
14,39054
14,39192
13,39205
14,39349
15,39416
13,39421
15,39606
15,39675
15,39686
16,39745
14,39747
14,39762
14,39811
15,39831
13,39861
13,39868
15,39877
14,39954
13,39958
15,40057
13,40083
11,40096
14,40134
12,40233
14,40278
14,40327
14,40426
14,40477
15,40552
14,40567
13,40618
13,40688
14,40716
16,40790
14,40858
14,40930
14,40947
14,40998
15,41093
14,41265
12,41274
12,41389
13,41413
15,41534
13,41596
13,41720
14,41902
13,41922
14,41996
14,41997
14,42205
14,42343
15,42356
15,42527
13,43000
14,43042
12,43247
14,43332
15,43338
14,43370
15,43481
11,43522
14,43630
13,43682
13,43764
13,43814
15,43999
13,44060
13,44092
12,44111
14,44116
12,44123
13,44277
14,44278
14,44318
13,44419
14,44460
12,44610
15,44664
14,44675
14,44687
14,44730
13,44769
14,44852
13,44877
11,45395
13,45441
15,45444
12,45453
13,45479
13,45494
14,46226
15,46390
16,46422
15,46466
14,46825
13,46972
14,47147
13,47162
14,47439
12,47959
12,48015
12,48104
14,48188
14,48198
13,48234
12,48315
14,48339
11,48607
14,48780
13,48831
13,49258
12,49317
12,49411
13,49415
13,49569
14,49617
14,49880
13,50128
13,50374
13,50433
14,50585
15,50593
14,50770
13,51079
12,51244
15,51390
14,51613
13,51971
14,52461
16,53369
14,53524
13,53750
14,53773
14,53990
14,54047
15,54105
13,54477
14,54515
13,54711
11,55266
14,55809
13,55899
14,59543
14,59971
14,60171
14,60250
14,60594
13,61115
12,61585
15,62717
13,62821
12,64051
15,64352
15,64934
13,65155
12,65298
14,65339
14,67876
14,68016
15,70496
14,71146
14,71785
13,72052
13,72843
13,73362
14,73713
14,74035
14,75657
16,75966
13,76090
14,76562
13,84694
