nodes;RANDOM_MAX;iterations;total_time;average_time;average_time_insert;average_time_search;average_time_delete;total_time_insert;total_time_search;total_time_delete;Olog(n);type
10000;1000000;10;50.468000;5.046800;2.369100;1.426300;1.251400;23.691000;14.263000;12.514000;4.000000;sorted
15000;1000000;10;62.314000;6.231400;2.820300;1.835200;1.575900;28.203000;18.352000;15.759000;4.176091;sorted
20000;1000000;10;91.874000;9.187400;4.412700;2.526100;2.248600;44.127000;25.261000;22.486000;4.301030;sorted
25000;1000000;10;106.348000;10.634800;4.929700;3.075100;2.630000;49.297000;30.751000;26.300000;4.397940;sorted
30000;1000000;10;121.429000;12.142900;5.799400;3.367400;2.976100;57.994000;33.674000;29.761000;4.477121;sorted
35000;1000000;10;140.459000;14.045900;6.478100;4.209900;3.357900;64.781000;42.099000;33.579000;4.544068;sorted
40000;1000000;10;164.572000;16.457200;7.865300;4.753500;3.838400;78.653000;47.535000;38.384000;4.602060;sorted
45000;1000000;10;181.010000;18.101000;8.666700;5.193800;4.240500;86.667000;51.938000;42.405000;4.653213;sorted
50000;1000000;10;199.907000;19.990700;9.617100;5.698700;4.674900;96.171000;56.987000;46.749000;4.698970;sorted
55000;1000000;10;246.891000;24.689100;11.727000;7.048300;5.913800;117.270000;70.483000;59.138000;4.740363;sorted
60000;1000000;10;248.930000;24.893000;11.877800;7.073100;5.942100;118.778000;70.731000;59.421000;4.778152;sorted
65000;1000000;10;298.658000;29.865800;13.922700;8.559100;7.384000;139.227000;85.591000;73.840000;4.812913;sorted
70000;1000000;10;298.033000;29.803300;14.074000;8.667700;7.061600;140.740000;86.677000;70.616000;4.845098;sorted
75000;1000000;10;329.178000;32.917800;15.513100;9.513800;7.890900;155.131000;95.138000;78.909000;4.875061;sorted
80000;1000000;10;348.127000;34.812700;16.496200;10.169000;8.147500;164.962000;101.690000;81.475000;4.903090;sorted
85000;1000000;10;371.897000;37.189700;17.847100;10.507100;8.835500;178.471000;105.071000;88.355000;4.929419;sorted
90000;1000000;10;395.992000;39.599200;18.984400;11.282700;9.332100;189.844000;112.827000;93.321000;4.954243;sorted
95000;1000000;10;413.238000;41.323800;19.735300;11.914800;9.673700;197.353000;119.148000;96.737000;4.977724;sorted
100000;1000000;10;453.157000;45.315700;21.179900;13.201100;10.934700;211.799000;132.011000;109.347000;5.000000;sorted
105000;1000000;10;478.702000;47.870200;22.616200;13.847800;11.406200;226.162000;138.478000;114.062000;5.021189;sorted
110000;1000000;10;504.618000;50.461800;23.891600;14.493600;12.076600;238.916000;144.936000;120.766000;5.041393;sorted
115000;1000000;10;572.118000;57.211800;26.863200;16.121800;14.226800;268.632000;161.218000;142.268000;5.060698;sorted
120000;1000000;10;546.514000;54.651400;25.755800;15.714200;13.181400;257.558000;157.142000;131.814000;5.079181;sorted
125000;1000000;10;584.314000;58.431400;27.379900;16.975600;14.075900;273.799000;169.756000;140.759000;5.096910;sorted
130000;1000000;10;599.949000;59.994900;28.098500;17.755500;14.140900;280.985000;177.555000;141.409000;5.113944;sorted
135000;1000000;10;617.499000;61.749900;28.900800;18.047200;14.801900;289.008000;180.472000;148.019000;5.130334;sorted
140000;1000000;10;642.262000;64.226200;30.038400;18.765800;15.422000;300.384000;187.658000;154.220000;5.146128;sorted
145000;1000000;10;666.614000;66.661400;31.223300;19.744100;15.694000;312.233000;197.441000;156.940000;5.161368;sorted
150000;1000000;10;690.182000;69.018200;32.241500;20.210300;16.566400;322.415000;202.103000;165.664000;5.176091;sorted
155000;1000000;10;741.039000;74.103900;34.320600;21.853600;17.929700;343.206000;218.536000;179.297000;5.190331;sorted
160000;1000000;10;743.588000;74.358800;34.874300;21.811300;17.673200;348.743000;218.113000;176.732000;5.204120;sorted
165000;1000000;10;776.199000;77.619900;36.011100;22.925800;18.683000;360.111000;229.258000;186.830000;5.217484;sorted
170000;1000000;10;799.256000;79.925600;37.180700;23.569800;19.175100;371.807000;235.698000;191.751000;5.230449;sorted
175000;1000000;10;859.645000;85.964500;40.430400;25.082800;20.451300;404.304000;250.828000;204.513000;5.243038;sorted
180000;1000000;10;864.191000;86.419100;40.266700;25.654200;20.498200;402.667000;256.542000;204.982000;5.255272;sorted
185000;1000000;10;921.180000;92.118000;43.249100;26.767700;22.101200;432.491000;267.677000;221.012000;5.267172;sorted
190000;1000000;10;921.961000;92.196100;42.850800;27.267700;22.077600;428.508000;272.677000;220.776000;5.278754;sorted
195000;1000000;10;926.380000;92.638000;43.032000;27.494200;22.111800;430.320000;274.942000;221.118000;5.290035;sorted
200000;1000000;10;1002.787000;100.278700;46.382900;29.235000;24.660800;463.829000;292.350000;246.608000;5.301030;sorted
205000;1000000;10;1002.396000;100.239600;46.130800;29.911500;24.197300;461.308000;299.115000;241.973000;5.311754;sorted
210000;1000000;10;1020.097000;102.009700;47.348400;29.962100;24.699200;473.484000;299.621000;246.992000;5.322219;sorted
215000;1000000;10;1058.301000;105.830100;49.229100;30.727800;25.873200;492.291000;307.278000;258.732000;5.332438;sorted
220000;1000000;10;1066.474000;106.647400;49.250600;31.459500;25.937300;492.506000;314.595000;259.373000;5.342422;sorted
225000;1000000;10;1117.218000;111.721800;51.615400;32.900100;27.206300;516.154000;329.001000;272.063000;5.352182;sorted
230000;1000000;10;1136.074000;113.607400;52.629400;33.348800;27.629200;526.294000;333.488000;276.292000;5.361728;sorted
235000;1000000;10;1153.628000;115.362800;53.495300;33.258700;28.608800;534.953000;332.587000;286.088000;5.371068;sorted
240000;1000000;10;1177.657000;117.765700;54.184100;34.609000;28.972600;541.841000;346.090000;289.726000;5.380211;sorted
245000;1000000;10;1208.172000;120.817200;55.892300;35.183500;29.741400;558.923000;351.835000;297.414000;5.389166;sorted
250000;1000000;10;1231.718000;123.171800;57.520400;35.013300;30.638100;575.204000;350.133000;306.381000;5.397940;sorted
255000;1000000;10;1246.721000;124.672100;57.622800;36.396800;30.652500;576.228000;363.968000;306.525000;5.406540;sorted
260000;1000000;10;1271.271000;127.127100;59.059800;36.961100;31.106200;590.598000;369.611000;311.062000;5.414973;sorted
265000;1000000;10;1333.953000;133.395300;60.632000;39.272100;33.491200;606.320000;392.721000;334.912000;5.423246;sorted
270000;1000000;10;1386.371000;138.637100;64.115500;40.836000;33.685600;641.155000;408.360000;336.856000;5.431364;sorted
275000;1000000;10;1383.653000;138.365300;63.438500;40.124300;34.802500;634.385000;401.243000;348.025000;5.439332;sorted
280000;1000000;10;1425.058000;142.505800;66.607400;41.376700;34.521700;666.074000;413.767000;345.217000;5.447158;sorted
285000;1000000;10;1429.812000;142.981200;66.008200;41.666100;35.306900;660.082000;416.661000;353.069000;5.454845;sorted
290000;1000000;10;1474.919000;147.491900;68.120800;43.408800;35.962300;681.208000;434.088000;359.623000;5.462398;sorted
295000;1000000;10;1509.627000;150.962700;68.690700;44.908700;37.363300;686.907000;449.087000;373.633000;5.469822;sorted
300000;1000000;10;1529.814000;152.981400;70.908500;44.652400;37.420500;709.085000;446.524000;374.205000;5.477121;sorted
305000;1000000;10;1559.531000;155.953100;72.201500;45.728700;38.022900;722.015000;457.287000;380.229000;5.484300;sorted
310000;1000000;10;1554.748000;155.474800;72.161400;45.190800;38.122600;721.614000;451.908000;381.226000;5.491362;sorted
315000;1000000;10;1604.392000;160.439200;74.038600;46.492800;39.907800;740.386000;464.928000;399.078000;5.498311;sorted
320000;1000000;10;1620.233000;162.023300;74.653100;47.660500;39.709700;746.531000;476.605000;397.097000;5.505150;sorted
325000;1000000;10;1652.100000;165.210000;75.979700;48.572800;40.657500;759.797000;485.728000;406.575000;5.511883;sorted
330000;1000000;10;1685.171000;168.517100;78.832300;48.064100;41.620700;788.323000;480.641000;416.207000;5.518514;sorted
335000;1000000;10;1689.857000;168.985700;78.668100;48.682800;41.634800;786.681000;486.828000;416.348000;5.525045;sorted
340000;1000000;10;1725.533000;172.553300;80.230500;49.492400;42.830400;802.305000;494.924000;428.304000;5.531479;sorted
345000;1000000;10;1730.451000;173.045100;80.895200;49.304800;42.845100;808.952000;493.048000;428.451000;5.537819;sorted
350000;1000000;10;1796.579000;179.657900;82.935400;51.836700;44.885800;829.354000;518.367000;448.858000;5.544068;sorted
355000;1000000;10;1828.548000;182.854800;85.181500;52.550600;45.122700;851.815000;525.506000;451.227000;5.550228;sorted
360000;1000000;10;1842.697000;184.269700;85.379100;53.066500;45.824100;853.791000;530.665000;458.241000;5.556303;sorted
365000;1000000;10;1873.960000;187.396000;86.523700;52.657500;48.214800;865.237000;526.575000;482.148000;5.562293;sorted
370000;1000000;10;1890.443000;189.044300;86.823400;54.164500;48.056400;868.234000;541.645000;480.564000;5.568202;sorted
375000;1000000;10;1925.033000;192.503300;88.835400;55.278500;48.389400;888.354000;552.785000;483.894000;5.574031;sorted
380000;1000000;10;1991.755000;199.175500;91.696700;57.557000;49.921800;916.967000;575.570000;499.218000;5.579783;sorted
385000;1000000;10;1964.684000;196.468400;90.598500;56.702300;49.167600;905.985000;567.023000;491.676000;5.585461;sorted
390000;1000000;10;2037.994000;203.799400;94.445700;58.866600;50.487100;944.457000;588.666000;504.871000;5.591064;sorted
395000;1000000;10;2110.950000;211.095000;96.447000;60.620000;54.028000;964.470000;606.200000;540.280000;5.596597;sorted
400000;1000000;10;2145.908000;214.590800;98.560700;61.942400;54.087700;985.607000;619.424000;540.877000;5.602060;sorted
405000;1000000;10;2116.673000;211.667300;97.091700;60.984000;53.591600;970.917000;609.840000;535.916000;5.607455;sorted
410000;1000000;10;2202.207000;220.220700;102.338800;62.473400;55.408500;1023.388000;624.734000;554.085000;5.612784;sorted
415000;1000000;10;2270.135000;227.013500;104.613900;65.367700;57.031900;1046.139000;653.677000;570.319000;5.618048;sorted
420000;1000000;10;2228.459000;222.845900;101.546100;64.631700;56.668100;1015.461000;646.317000;566.681000;5.623250;sorted
425000;1000000;10;2279.149000;227.914900;104.522300;66.867800;56.524800;1045.223000;668.678000;565.248000;5.628389;sorted
430000;1000000;10;2307.890000;230.789000;105.447900;66.958400;58.382700;1054.479000;669.584000;583.827000;5.633469;sorted
435000;1000000;10;2324.186000;232.418600;106.800100;67.351000;58.267500;1068.001000;673.510000;582.675000;5.638489;sorted
440000;1000000;10;2361.195000;236.119500;107.857800;68.798500;59.463200;1078.578000;687.985000;594.632000;5.643453;sorted
445000;1000000;10;2410.125000;241.012500;110.010100;70.775900;60.226500;1100.101000;707.759000;602.265000;5.648360;sorted
450000;1000000;10;2408.141000;240.814100;110.551400;70.577400;59.685300;1105.514000;705.774000;596.853000;5.653213;sorted
455000;1000000;10;2475.616000;247.561600;113.836100;72.273600;61.451900;1138.361000;722.736000;614.519000;5.658011;sorted
460000;1000000;10;2411.684000;241.168400;109.240900;69.483400;62.444100;1092.409000;694.834000;624.441000;5.662758;sorted
465000;1000000;10;2431.500000;243.150000;110.868700;70.098800;62.182500;1108.687000;700.988000;621.825000;5.667453;sorted
470000;1000000;10;2456.400000;245.640000;112.304000;70.548000;62.788000;1123.040000;705.480000;627.880000;5.672098;sorted
475000;1000000;10;2467.197000;246.719700;111.706500;72.099900;62.913300;1117.065000;720.999000;629.133000;5.676693;sorted
480000;1000000;10;2453.951000;245.395100;111.222700;71.380400;62.792000;1112.227000;713.804000;627.920000;5.681241;sorted
485000;1000000;10;2489.218000;248.921800;112.667500;71.970200;64.284100;1126.675000;719.702000;642.841000;5.685742;sorted
490000;1000000;10;2493.508000;249.350800;112.828800;72.496300;64.025700;1128.288000;724.963000;640.257000;5.690196;sorted
495000;1000000;10;2513.552000;251.355200;113.541400;72.063800;65.750000;1135.414000;720.638000;657.500000;5.694605;sorted
500000;1000000;10;2531.463000;253.146300;114.447000;72.761400;65.937900;1144.470000;727.614000;659.379000;5.698970;sorted
505000;1000000;10;2578.640000;257.864000;117.032500;74.363400;66.468100;1170.325000;743.634000;664.681000;5.703291;sorted
510000;1000000;10;2576.503000;257.650300;116.730200;74.329500;66.590600;1167.302000;743.295000;665.906000;5.707570;sorted
515000;1000000;10;2619.458000;261.945800;119.427600;75.278400;67.239800;1194.276000;752.784000;672.398000;5.711807;sorted
520000;1000000;10;2621.396000;262.139600;118.226800;76.864900;67.047900;1182.268000;768.649000;670.479000;5.716003;sorted
525000;1000000;10;2689.880000;268.988000;121.188700;77.896000;69.903300;1211.887000;778.960000;699.033000;5.720160;sorted
530000;1000000;10;2699.970000;269.997000;121.807900;78.512000;69.677100;1218.079000;785.120000;696.771000;5.724276;sorted
535000;1000000;10;2744.984000;274.498400;123.501600;79.903800;71.093000;1235.016000;799.038000;710.930000;5.728354;sorted
540000;1000000;10;2785.140000;278.514000;125.797800;81.558200;71.158000;1257.978000;815.582000;711.580000;5.732394;sorted
545000;1000000;10;2794.657000;279.465700;125.344500;81.670500;72.450700;1253.445000;816.705000;724.507000;5.736396;sorted
550000;1000000;10;2829.867000;282.986700;126.953500;82.513400;73.519800;1269.535000;825.134000;735.198000;5.740363;sorted
555000;1000000;10;2832.623000;283.262300;127.648500;82.663800;72.950000;1276.485000;826.638000;729.500000;5.744293;sorted
560000;1000000;10;2930.076000;293.007600;133.835200;84.103900;75.068500;1338.352000;841.039000;750.685000;5.748188;sorted
565000;1000000;10;2907.590000;290.759000;130.954000;84.769900;75.035100;1309.540000;847.699000;750.351000;5.752048;sorted
570000;1000000;10;2953.226000;295.322600;134.083700;85.745400;75.493500;1340.837000;857.454000;754.935000;5.755875;sorted
575000;1000000;10;2934.259000;293.425900;132.742400;85.273000;75.410500;1327.424000;852.730000;754.105000;5.759668;sorted
580000;1000000;10;2989.704000;298.970400;135.525400;86.651000;76.794000;1355.254000;866.510000;767.940000;5.763428;sorted
585000;1000000;10;3038.125000;303.812500;138.366500;88.801800;76.644200;1383.665000;888.018000;766.442000;5.767156;sorted
590000;1000000;10;3050.188000;305.018800;137.877400;88.076800;79.064600;1378.774000;880.768000;790.646000;5.770852;sorted
595000;1000000;10;3074.653000;307.465300;138.494700;89.616200;79.354400;1384.947000;896.162000;793.544000;5.774517;sorted
600000;1000000;10;3099.764000;309.976400;137.869600;91.302900;80.803900;1378.696000;913.029000;808.039000;5.778151;sorted
605000;1000000;10;3107.533000;310.753300;140.755800;89.725300;80.272200;1407.558000;897.253000;802.722000;5.781755;sorted
610000;1000000;10;3164.889000;316.488900;140.783300;93.332000;82.373600;1407.833000;933.320000;823.736000;5.785330;sorted
615000;1000000;10;3298.772000;329.877200;149.929900;94.797100;85.150200;1499.299000;947.971000;851.502000;5.788875;sorted
620000;1000000;10;3229.762000;322.976200;146.335800;94.512200;82.128200;1463.358000;945.122000;821.282000;5.792392;sorted
625000;1000000;10;3273.153000;327.315300;147.745400;96.265500;83.304400;1477.454000;962.655000;833.044000;5.795880;sorted
630000;1000000;10;3294.830000;329.483000;149.026300;95.868700;84.588000;1490.263000;958.687000;845.880000;5.799341;sorted
635000;1000000;10;3311.403000;331.140300;151.190200;94.946400;85.003700;1511.902000;949.464000;850.037000;5.802774;sorted
640000;1000000;10;3324.326000;332.432600;149.216700;97.683000;85.532900;1492.167000;976.830000;855.329000;5.806180;sorted
645000;1000000;10;3425.142000;342.514200;157.335000;98.451200;86.728000;1573.350000;984.512000;867.280000;5.809560;sorted
650000;1000000;10;3462.495000;346.249500;156.918500;101.243100;88.087900;1569.185000;1012.431000;880.879000;5.812913;sorted
655000;1000000;10;3496.967000;349.696700;159.409200;102.549000;87.738500;1594.092000;1025.490000;877.385000;5.816241;sorted
660000;1000000;10;3515.488000;351.548800;162.164600;99.971600;89.412600;1621.646000;999.716000;894.126000;5.819544;sorted
665000;1000000;10;3469.675000;346.967500;159.471600;99.114400;88.381500;1594.716000;991.144000;883.815000;5.822822;sorted
670000;1000000;10;3519.846000;351.984600;159.059400;101.737600;91.187600;1590.594000;1017.376000;911.876000;5.826075;sorted
675000;1000000;10;3540.725000;354.072500;157.848100;101.280200;94.944200;1578.481000;1012.802000;949.442000;5.829304;sorted
680000;1000000;10;3555.854000;355.585400;160.980700;102.426900;92.177800;1609.807000;1024.269000;921.778000;5.832509;sorted
685000;1000000;10;3658.830000;365.883000;164.842600;106.104700;94.935700;1648.426000;1061.047000;949.357000;5.835690;sorted
690000;1000000;10;3670.978000;367.097800;166.224100;105.894200;94.979500;1662.241000;1058.942000;949.795000;5.838849;sorted
695000;1000000;10;3644.323000;364.432300;163.309900;105.346500;95.775900;1633.099000;1053.465000;957.759000;5.841985;sorted
700000;1000000;10;3845.505000;384.550500;175.485500;111.028700;98.036300;1754.855000;1110.287000;980.363000;5.845098;sorted
705000;1000000;10;3742.839000;374.283900;169.372700;108.008400;96.902800;1693.727000;1080.084000;969.028000;5.848189;sorted
710000;1000000;10;3746.102000;374.610200;167.604300;109.785300;97.220600;1676.043000;1097.853000;972.206000;5.851258;sorted
715000;1000000;10;3841.836000;384.183600;173.656200;112.542700;97.984700;1736.562000;1125.427000;979.847000;5.854306;sorted
720000;1000000;10;3847.325000;384.732500;174.101600;112.182600;98.448300;1741.016000;1121.826000;984.483000;5.857333;sorted
725000;1000000;10;3869.624000;386.962400;174.879100;111.479800;100.603500;1748.791000;1114.798000;1006.035000;5.860338;sorted
730000;1000000;10;3831.222000;383.122200;172.721700;111.090100;99.310400;1727.217000;1110.901000;993.104000;5.863323;sorted
735000;1000000;10;4001.083000;400.108300;179.224200;119.239500;101.644600;1792.242000;1192.395000;1016.446000;5.866287;sorted
740000;1000000;10;3884.365000;388.436500;176.558500;110.849900;101.028100;1765.585000;1108.499000;1010.281000;5.869232;sorted
745000;1000000;10;3931.774000;393.177400;177.531000;113.968400;101.678000;1775.310000;1139.684000;1016.780000;5.872156;sorted
750000;1000000;10;3884.385000;388.438500;175.778100;113.819300;98.841100;1757.781000;1138.193000;988.411000;5.875061;sorted
755000;1000000;10;3971.693000;397.169300;179.624900;113.705000;103.839400;1796.249000;1137.050000;1038.394000;5.877947;sorted
760000;1000000;10;3952.101000;395.210100;177.379800;115.038100;102.792200;1773.798000;1150.381000;1027.922000;5.880814;sorted
765000;1000000;10;4019.754000;401.975400;181.041800;116.765200;104.168400;1810.418000;1167.652000;1041.684000;5.883661;sorted
770000;1000000;10;4044.297000;404.429700;181.656900;118.425100;104.347700;1816.569000;1184.251000;1043.477000;5.886491;sorted
775000;1000000;10;4084.225000;408.422500;184.213400;118.622200;105.586900;1842.134000;1186.222000;1055.869000;5.889302;sorted
780000;1000000;10;4140.247000;414.024700;185.905100;120.980700;107.138900;1859.051000;1209.807000;1071.389000;5.892095;sorted
785000;1000000;10;4179.319000;417.931900;187.935700;121.350400;108.645800;1879.357000;1213.504000;1086.458000;5.894870;sorted
790000;1000000;10;4186.007000;418.600700;187.371000;121.906900;109.322800;1873.710000;1219.069000;1093.228000;5.897627;sorted
795000;1000000;10;4218.727000;421.872700;188.413100;123.459800;109.999800;1884.131000;1234.598000;1099.998000;5.900367;sorted
800000;1000000;10;4232.633000;423.263300;189.845900;123.431200;109.986200;1898.459000;1234.312000;1099.862000;5.903090;sorted
805000;1000000;10;4336.186000;433.618600;195.002700;125.986500;112.629400;1950.027000;1259.865000;1126.294000;5.905796;sorted
810000;1000000;10;4398.596000;439.859600;192.918500;126.504300;120.436800;1929.185000;1265.043000;1204.368000;5.908485;sorted
815000;1000000;10;4358.279000;435.827900;196.210300;127.588000;112.029600;1962.103000;1275.880000;1120.296000;5.911158;sorted
820000;1000000;10;4433.869000;443.386900;199.032500;128.429400;115.925000;1990.325000;1284.294000;1159.250000;5.913814;sorted
825000;1000000;10;4362.469000;436.246900;196.618000;126.983000;112.645900;1966.180000;1269.830000;1126.459000;5.916454;sorted
830000;1000000;10;4441.678000;444.167800;199.172700;130.040900;114.954200;1991.727000;1300.409000;1149.542000;5.919078;sorted
835000;1000000;10;4453.887000;445.388700;198.529900;131.273200;115.585600;1985.299000;1312.732000;1155.856000;5.921687;sorted
840000;1000000;10;4525.943000;452.594300;203.674400;131.852900;117.067000;2036.744000;1318.529000;1170.670000;5.924279;sorted
845000;1000000;10;4533.697000;453.369700;202.494000;133.431400;117.444300;2024.940000;1334.314000;1174.443000;5.926857;sorted
850000;1000000;10;4557.832000;455.783200;204.226800;134.069600;117.486800;2042.268000;1340.696000;1174.868000;5.929419;sorted
855000;1000000;10;4595.366000;459.536600;205.637000;134.456200;119.443400;2056.370000;1344.562000;1194.434000;5.931966;sorted
860000;1000000;10;4607.169000;460.716900;205.730000;135.022100;119.964800;2057.300000;1350.221000;1199.648000;5.934498;sorted
865000;1000000;10;4617.629000;461.762900;206.617100;135.471900;119.673900;2066.171000;1354.719000;1196.739000;5.937016;sorted
870000;1000000;10;4764.984000;476.498400;214.383200;140.137700;121.977500;2143.832000;1401.377000;1219.775000;5.939519;sorted
875000;1000000;10;4706.714000;470.671400;210.357800;137.713800;122.599800;2103.578000;1377.138000;1225.998000;5.942008;sorted
880000;1000000;10;4791.116000;479.111600;213.437700;141.275700;124.398200;2134.377000;1412.757000;1243.982000;5.944483;sorted
885000;1000000;10;4781.236000;478.123600;213.122800;140.037500;124.963300;2131.228000;1400.375000;1249.633000;5.946943;sorted
890000;1000000;10;4793.936000;479.393600;215.966000;139.356300;124.071300;2159.660000;1393.563000;1240.713000;5.949390;sorted
895000;1000000;10;4849.030000;484.903000;218.722600;140.601400;125.579000;2187.226000;1406.014000;1255.790000;5.951823;sorted
900000;1000000;10;4874.462000;487.446200;219.480300;141.519400;126.446500;2194.803000;1415.194000;1264.465000;5.954243;sorted
905000;1000000;10;4875.954000;487.595400;218.884200;142.698100;126.013100;2188.842000;1426.981000;1260.131000;5.956649;sorted
910000;1000000;10;4931.183000;493.118300;221.527600;143.861100;127.729600;2215.276000;1438.611000;1277.296000;5.959042;sorted
915000;1000000;10;4914.733000;491.473300;220.249700;144.537900;126.685700;2202.497000;1445.379000;1266.857000;5.961421;sorted
920000;1000000;10;4991.633000;499.163300;222.805600;144.777900;131.579800;2228.056000;1447.779000;1315.798000;5.963788;sorted
925000;1000000;10;5014.927000;501.492700;225.571400;144.584700;131.336600;2255.714000;1445.847000;1313.366000;5.966142;sorted
930000;1000000;10;5028.842000;502.884200;224.531000;145.750500;132.602700;2245.310000;1457.505000;1326.027000;5.968483;sorted
935000;1000000;10;5048.453000;504.845300;225.366500;146.684300;132.794500;2253.665000;1466.843000;1327.945000;5.970812;sorted
940000;1000000;10;5229.191000;522.919100;236.377500;150.469300;136.072300;2363.775000;1504.693000;1360.723000;5.973128;sorted
945000;1000000;10;5082.844000;508.284400;227.143400;148.832500;132.308500;2271.434000;1488.325000;1323.085000;5.975432;sorted
950000;1000000;10;5152.444000;515.244400;233.132600;149.329500;132.782300;2331.326000;1493.295000;1327.823000;5.977724;sorted
955000;1000000;10;5184.162000;518.416200;232.468000;150.662000;135.286200;2324.680000;1506.620000;1352.862000;5.980003;sorted
960000;1000000;10;5202.419000;520.241900;231.528500;152.623300;136.090100;2315.285000;1526.233000;1360.901000;5.982271;sorted
965000;1000000;10;5232.391000;523.239100;236.703500;151.398400;135.137200;2367.035000;1513.984000;1351.372000;5.984528;sorted
970000;1000000;10;5239.175000;523.917500;233.389800;154.101100;136.426600;2333.898000;1541.011000;1364.266000;5.986772;sorted
975000;1000000;10;5292.231000;529.223100;237.714500;154.191900;137.316700;2377.145000;1541.919000;1373.167000;5.989005;sorted
980000;1000000;10;5308.774000;530.877400;236.000000;155.933000;138.944400;2360.000000;1559.330000;1389.444000;5.991226;sorted
985000;1000000;10;5332.038000;533.203800;241.364800;153.974300;137.864700;2413.648000;1539.743000;1378.647000;5.993436;sorted
990000;1000000;10;5370.419000;537.041900;242.395900;154.621400;140.024600;2423.959000;1546.214000;1400.246000;5.995635;sorted
995000;1000000;10;5359.990000;535.999000;241.221900;155.388100;139.389000;2412.219000;1553.881000;1393.890000;5.997823;sorted
1000000;1000000;10;5459.639000;545.963900;244.268900;160.579700;141.115300;2442.689000;1605.797000;1411.153000;6.000000;sorted
10000;1000000;10;92.669000;9.266900;3.336400;2.700900;3.229600;33.364000;27.009000;32.296000;4.000000;random
15000;1000000;10;114.484000;11.448400;4.083900;3.279000;4.085500;40.839000;32.790000;40.855000;4.176091;random
20000;1000000;10;163.244000;16.324400;6.583700;4.116800;5.623900;65.837000;41.168000;56.239000;4.301030;random
25000;1000000;10;234.783000;23.478300;8.692500;6.483600;8.302200;86.925000;64.836000;83.022000;4.397940;random
30000;1000000;10;308.172000;30.817200;11.533100;8.757500;10.526600;115.331000;87.575000;105.266000;4.477121;random
35000;1000000;10;349.120000;34.912000;11.651200;11.641700;11.619100;116.512000;116.417000;116.191000;4.544068;random
40000;1000000;10;416.837000;41.683700;14.443200;12.566100;14.674400;144.432000;125.661000;146.744000;4.602060;random
45000;1000000;10;553.414000;55.341400;18.976900;15.881300;20.483200;189.769000;158.813000;204.832000;4.653213;random
50000;1000000;10;638.544000;63.854400;22.512900;18.864800;22.476700;225.129000;188.648000;224.767000;4.698970;random
55000;1000000;10;726.333000;72.633300;25.470900;21.712600;25.449800;254.709000;217.126000;254.498000;4.740363;random
60000;1000000;10;773.999000;77.399900;26.528200;22.521300;28.350400;265.282000;225.213000;283.504000;4.778152;random
65000;1000000;10;843.754000;84.375400;28.806700;24.504100;31.064600;288.067000;245.041000;310.646000;4.812913;random
70000;1000000;10;962.644000;96.264400;31.710000;30.072100;34.482300;317.100000;300.721000;344.823000;4.845098;random
75000;1000000;10;1213.028000;121.302800;41.789200;35.278400;44.235200;417.892000;352.784000;442.352000;4.875061;random
80000;1000000;10;1103.989000;110.398900;36.794300;33.052900;40.551700;367.943000;330.529000;405.517000;4.903090;random
85000;1000000;10;1183.741000;118.374100;40.222300;35.628600;42.523200;402.223000;356.286000;425.232000;4.929419;random
90000;1000000;10;1233.245000;123.324500;42.570800;35.350700;45.403000;425.708000;353.507000;454.030000;4.954243;random
95000;1000000;10;1331.530000;133.153000;43.901300;41.811600;47.440100;439.013000;418.116000;474.401000;4.977724;random
100000;1000000;10;1495.925000;149.592500;47.897800;48.290100;53.404600;478.978000;482.901000;534.046000;5.000000;random
105000;1000000;10;1497.723000;149.772300;49.910800;46.177000;53.684500;499.108000;461.770000;536.845000;5.021189;random
110000;1000000;10;1653.764000;165.376400;56.782200;49.004000;59.590200;567.822000;490.040000;595.902000;5.041393;random
115000;1000000;10;1793.047000;179.304700;62.148900;54.435900;62.719900;621.489000;544.359000;627.199000;5.060698;random
120000;1000000;10;1779.988000;177.998800;60.271100;52.688200;65.039500;602.711000;526.882000;650.395000;5.079181;random
125000;1000000;10;1778.942000;177.894200;60.968800;54.346100;62.579300;609.688000;543.461000;625.793000;5.096910;random
130000;1000000;10;1902.218000;190.221800;65.141500;57.030200;68.050100;651.415000;570.302000;680.501000;5.113944;random
135000;1000000;10;2319.932000;231.993200;79.076700;75.034600;77.881900;790.767000;750.346000;778.819000;5.130334;random
140000;1000000;10;2768.537000;276.853700;97.782900;83.350200;95.720600;977.829000;833.502000;957.206000;5.146128;random
145000;1000000;10;2593.066000;259.306600;91.677000;76.269800;91.359800;916.770000;762.698000;913.598000;5.161368;random
150000;1000000;10;2444.857000;244.485700;85.969800;75.146700;83.369200;859.698000;751.467000;833.692000;5.176091;random
155000;1000000;10;2462.749000;246.274900;87.114400;73.272300;85.888200;871.144000;732.723000;858.882000;5.190331;random
160000;1000000;10;3022.567000;302.256700;102.204100;95.917600;104.135000;1022.041000;959.176000;1041.350000;5.204120;random
165000;1000000;10;2786.822000;278.682200;92.829500;90.466300;95.386400;928.295000;904.663000;953.864000;5.217484;random
170000;1000000;10;2871.905000;287.190500;98.282600;86.547100;102.360800;982.826000;865.471000;1023.608000;5.230449;random
175000;1000000;10;3239.156000;323.915600;109.954800;95.358300;118.602500;1099.548000;953.583000;1186.025000;5.243038;random
180000;1000000;10;2902.964000;290.296400;99.105300;89.992800;101.198300;991.053000;899.928000;1011.983000;5.255272;random
185000;1000000;10;3233.874000;323.387400;109.226800;104.487700;109.672900;1092.268000;1044.877000;1096.729000;5.267172;random
190000;1000000;10;3429.826000;342.982600;119.199300;104.647500;119.135800;1191.993000;1046.475000;1191.358000;5.278754;random
195000;1000000;10;3506.579000;350.657900;120.884400;103.716000;126.057500;1208.844000;1037.160000;1260.575000;5.290035;random
200000;1000000;10;3644.464000;364.446400;121.076100;113.581400;129.788900;1210.761000;1135.814000;1297.889000;5.301030;random
205000;1000000;10;3980.829000;398.082900;139.231900;117.113700;141.737300;1392.319000;1171.137000;1417.373000;5.311754;random
210000;1000000;10;3736.054000;373.605400;130.448600;114.536800;128.620000;1304.486000;1145.368000;1286.200000;5.322219;random
215000;1000000;10;3117.988000;311.798800;102.287600;99.306200;110.205000;1022.876000;993.062000;1102.050000;5.332438;random
220000;1000000;10;3184.156000;318.415600;104.486700;100.587800;113.341100;1044.867000;1005.878000;1133.411000;5.342422;random
225000;1000000;10;3224.412000;322.441200;109.300200;101.887800;111.253200;1093.002000;1018.878000;1112.532000;5.352182;random
230000;1000000;10;3327.177000;332.717700;111.990400;105.203600;115.523700;1119.904000;1052.036000;1155.237000;5.361728;random
235000;1000000;10;3396.671000;339.667100;113.112100;109.565000;116.990000;1131.121000;1095.650000;1169.900000;5.371068;random
240000;1000000;10;3546.222000;354.622200;120.876000;112.381000;121.365200;1208.760000;1123.810000;1213.652000;5.380211;random
245000;1000000;10;3567.252000;356.725200;118.045300;113.733500;124.946400;1180.453000;1137.335000;1249.464000;5.389166;random
250000;1000000;10;3731.336000;373.133600;124.558000;118.907400;129.668200;1245.580000;1189.074000;1296.682000;5.397940;random
255000;1000000;10;3806.222000;380.622200;127.990200;120.100500;132.531500;1279.902000;1201.005000;1325.315000;5.406540;random
260000;1000000;10;4051.156000;405.115600;138.113600;129.357300;137.644700;1381.136000;1293.573000;1376.447000;5.414973;random
265000;1000000;10;4028.645000;402.864500;137.988300;128.763500;136.112700;1379.883000;1287.635000;1361.127000;5.423246;random
270000;1000000;10;4167.057000;416.705700;143.094700;132.031100;141.579900;1430.947000;1320.311000;1415.799000;5.431364;random
275000;1000000;10;4218.755000;421.875500;139.674600;138.409400;143.791500;1396.746000;1384.094000;1437.915000;5.439332;random
280000;1000000;10;4328.936000;432.893600;147.261100;136.624600;149.007900;1472.611000;1366.246000;1490.079000;5.447158;random
285000;1000000;10;4496.158000;449.615800;149.123000;146.188300;154.304500;1491.230000;1461.883000;1543.045000;5.454845;random
290000;1000000;10;5207.063000;520.706300;169.980200;167.218300;183.507800;1699.802000;1672.183000;1835.078000;5.462398;random
295000;1000000;10;5806.923000;580.692300;193.875700;184.441500;202.375100;1938.757000;1844.415000;2023.751000;5.469822;random
300000;1000000;10;5589.976000;558.997600;192.744700;178.372600;187.880300;1927.447000;1783.726000;1878.803000;5.477121;random
305000;1000000;10;6555.176000;655.517600;223.138000;203.701700;228.677900;2231.380000;2037.017000;2286.779000;5.484300;random
310000;1000000;10;5822.298000;582.229800;200.896300;185.096800;196.236700;2008.963000;1850.968000;1962.367000;5.491362;random
315000;1000000;10;5921.432000;592.143200;203.774600;185.058100;203.310500;2037.746000;1850.581000;2033.105000;5.498311;random
320000;1000000;10;5509.787000;550.978700;187.671700;175.502300;187.804700;1876.717000;1755.023000;1878.047000;5.505150;random
325000;1000000;10;5320.620000;532.062000;181.393200;172.100000;178.568800;1813.932000;1721.000000;1785.688000;5.511883;random
330000;1000000;10;5464.501000;546.450100;184.360100;172.793600;189.296400;1843.601000;1727.936000;1892.964000;5.518514;random
335000;1000000;10;5621.803000;562.180300;188.606100;179.351200;194.223000;1886.061000;1793.512000;1942.230000;5.525045;random
340000;1000000;10;5730.736000;573.073600;196.828700;184.740200;191.504700;1968.287000;1847.402000;1915.047000;5.531479;random
345000;1000000;10;5934.935000;593.493500;205.047500;188.391200;200.054800;2050.475000;1883.912000;2000.548000;5.537819;random
350000;1000000;10;6022.542000;602.254200;205.562700;194.458000;202.233500;2055.627000;1944.580000;2022.335000;5.544068;random
355000;1000000;10;6129.130000;612.913000;209.801200;195.589400;207.522400;2098.012000;1955.894000;2075.224000;5.550228;random
360000;1000000;10;6141.714000;614.171400;210.145400;197.080100;206.945900;2101.454000;1970.801000;2069.459000;5.556303;random
365000;1000000;10;6744.746000;674.474600;235.793700;212.413200;226.267700;2357.937000;2124.132000;2262.677000;5.562293;random
370000;1000000;10;7300.788000;730.078800;249.506800;229.396000;251.176000;2495.068000;2293.960000;2511.760000;5.568202;random
375000;1000000;10;7108.544000;710.854400;242.047700;234.008700;234.798000;2420.477000;2340.087000;2347.980000;5.574031;random
380000;1000000;10;7219.610000;721.961000;241.885700;239.388900;240.686400;2418.857000;2393.889000;2406.864000;5.579783;random
385000;1000000;10;7623.986000;762.398600;267.773700;242.555800;252.069100;2677.737000;2425.558000;2520.691000;5.585461;random
390000;1000000;10;7978.193000;797.819300;273.402000;251.598300;272.819000;2734.020000;2515.983000;2728.190000;5.591064;random
395000;1000000;10;8393.883000;839.388300;281.451400;271.219500;286.717400;2814.514000;2712.195000;2867.174000;5.596597;random
400000;1000000;10;7779.795000;777.979500;274.351300;245.381700;258.246500;2743.513000;2453.817000;2582.465000;5.602060;random
405000;1000000;10;7897.510000;789.751000;270.965400;241.666100;277.119500;2709.654000;2416.661000;2771.195000;5.607455;random
410000;1000000;10;6540.919000;654.091900;225.658900;217.423700;211.009300;2256.589000;2174.237000;2110.093000;5.612784;random
415000;1000000;10;7225.704000;722.570400;247.378500;231.939800;243.252100;2473.785000;2319.398000;2432.521000;5.618048;random
420000;1000000;10;7583.826000;758.382600;257.787400;248.712700;251.882500;2577.874000;2487.127000;2518.825000;5.623250;random
425000;1000000;10;7558.473000;755.847300;251.475000;249.757200;254.615100;2514.750000;2497.572000;2546.151000;5.628389;random
430000;1000000;10;7870.920000;787.092000;266.557800;254.974700;265.559500;2665.578000;2549.747000;2655.595000;5.633469;random
435000;1000000;10;8010.033000;801.003300;269.444900;261.591300;269.967100;2694.449000;2615.913000;2699.671000;5.638489;random
440000;1000000;10;8034.056000;803.405600;276.980800;262.650600;263.774200;2769.808000;2626.506000;2637.742000;5.643453;random
445000;1000000;10;8239.637000;823.963700;280.333800;266.541400;277.088500;2803.338000;2665.414000;2770.885000;5.648360;random
450000;1000000;10;8490.166000;849.016600;289.972100;273.688400;285.356100;2899.721000;2736.884000;2853.561000;5.653213;random
455000;1000000;10;8436.726000;843.672600;285.794300;272.482700;285.395600;2857.943000;2724.827000;2853.956000;5.658011;random
460000;1000000;10;8611.537000;861.153700;293.906700;278.298600;288.948400;2939.067000;2782.986000;2889.484000;5.662758;random
465000;1000000;10;8768.878000;876.887800;295.820300;286.730800;294.336700;2958.203000;2867.308000;2943.367000;5.667453;random
470000;1000000;10;8961.103000;896.110300;307.217900;289.084500;299.807900;3072.179000;2890.845000;2998.079000;5.672098;random
475000;1000000;10;9003.346000;900.334600;312.357800;285.979200;301.997600;3123.578000;2859.792000;3019.976000;5.676693;random
480000;1000000;10;10702.473000;1070.247300;369.811400;339.586700;360.849200;3698.114000;3395.867000;3608.492000;5.681241;random
485000;1000000;10;10232.308000;1023.230800;349.745300;319.764900;353.720600;3497.453000;3197.649000;3537.206000;5.685742;random
490000;1000000;10;12122.275000;1212.227500;402.941300;398.350300;410.935900;4029.413000;3983.503000;4109.359000;5.690196;random
495000;1000000;10;11697.733000;1169.773300;403.805000;380.428400;385.539900;4038.050000;3804.284000;3855.399000;5.694605;random
500000;1000000;10;11077.334000;1107.733400;386.465600;352.755800;368.512000;3864.656000;3527.558000;3685.120000;5.698970;random
505000;1000000;10;11763.166000;1176.316600;406.018800;364.020200;406.277600;4060.188000;3640.202000;4062.776000;5.703291;random
510000;1000000;10;10453.133000;1045.313300;346.279000;336.569900;362.464400;3462.790000;3365.699000;3624.644000;5.707570;random
515000;1000000;10;10248.019000;1024.801900;355.222100;318.103500;351.476300;3552.221000;3181.035000;3514.763000;5.711807;random
520000;1000000;10;10086.914000;1008.691400;343.916200;322.919100;341.856100;3439.162000;3229.191000;3418.561000;5.716003;random
525000;1000000;10;10311.493000;1031.149300;350.482200;331.938300;348.728800;3504.822000;3319.383000;3487.288000;5.720160;random
530000;1000000;10;10380.456000;1038.045600;358.852300;330.227500;348.965800;3588.523000;3302.275000;3489.658000;5.724276;random
535000;1000000;10;10566.493000;1056.649300;359.494200;340.650000;356.505100;3594.942000;3406.500000;3565.051000;5.728354;random
540000;1000000;10;10712.436000;1071.243600;362.378100;340.702200;368.163300;3623.781000;3407.022000;3681.633000;5.732394;random
545000;1000000;10;10741.545000;1074.154500;368.951400;342.747500;362.455600;3689.514000;3427.475000;3624.556000;5.736396;random
550000;1000000;10;10827.327000;1082.732700;368.461000;350.299600;363.972100;3684.610000;3502.996000;3639.721000;5.740363;random
555000;1000000;10;11092.383000;1109.238300;377.416000;358.658000;373.164300;3774.160000;3586.580000;3731.643000;5.744293;random
560000;1000000;10;11211.309000;1121.130900;381.734500;360.995700;378.400700;3817.345000;3609.957000;3784.007000;5.748188;random
565000;1000000;10;11479.130000;1147.913000;388.651800;371.830000;387.431200;3886.518000;3718.300000;3874.312000;5.752048;random
570000;1000000;10;11579.509000;1157.950900;394.301700;375.563800;388.085400;3943.017000;3755.638000;3880.854000;5.755875;random
575000;1000000;10;11430.312000;1143.031200;389.718800;368.564000;384.748400;3897.188000;3685.640000;3847.484000;5.759668;random
580000;1000000;10;11660.781000;1166.078100;400.059200;378.273900;387.745000;4000.592000;3782.739000;3877.450000;5.763428;random
585000;1000000;10;11790.459000;1179.045900;401.342200;379.938100;397.765600;4013.422000;3799.381000;3977.656000;5.767156;random
590000;1000000;10;12076.389000;1207.638900;417.503300;387.499100;402.636500;4175.033000;3874.991000;4026.365000;5.770852;random
595000;1000000;10;11722.290000;1172.229000;401.453400;378.070100;392.705500;4014.534000;3780.701000;3927.055000;5.774517;random
600000;1000000;10;12098.970000;1209.897000;421.725900;386.403400;401.767700;4217.259000;3864.034000;4017.677000;5.778151;random
605000;1000000;10;12160.067000;1216.006700;419.898500;390.615900;405.492300;4198.985000;3906.159000;4054.923000;5.781755;random
610000;1000000;10;12346.572000;1234.657200;428.789500;395.773600;410.094100;4287.895000;3957.736000;4100.941000;5.785330;random
615000;1000000;10;12270.105000;1227.010500;426.588600;394.490200;405.931700;4265.886000;3944.902000;4059.317000;5.788875;random
620000;1000000;10;12356.005000;1235.600500;428.716600;396.345400;410.538500;4287.166000;3963.454000;4105.385000;5.792392;random
625000;1000000;10;12583.560000;1258.356000;434.350100;410.005000;414.000900;4343.501000;4100.050000;4140.009000;5.795880;random
630000;1000000;10;12591.189000;1259.118900;429.537800;405.985600;423.595500;4295.378000;4059.856000;4235.955000;5.799341;random
635000;1000000;10;12917.089000;1291.708900;444.307200;416.942200;430.459500;4443.072000;4169.422000;4304.595000;5.802774;random
640000;1000000;10;12976.583000;1297.658300;447.761200;418.613800;431.283300;4477.612000;4186.138000;4312.833000;5.806180;random
645000;1000000;10;13018.157000;1301.815700;449.500200;418.183100;434.132400;4495.002000;4181.831000;4341.324000;5.809560;random
650000;1000000;10;13055.949000;1305.594900;448.691000;423.455400;433.448500;4486.910000;4234.554000;4334.485000;5.812913;random
655000;1000000;10;12934.540000;1293.454000;441.109600;418.812100;433.532300;4411.096000;4188.121000;4335.323000;5.816241;random
660000;1000000;10;13133.295000;1313.329500;451.951000;423.923600;437.454900;4519.510000;4239.236000;4374.549000;5.819544;random
665000;1000000;10;13608.896000;1360.889600;470.230000;437.791900;452.867700;4702.300000;4377.919000;4528.677000;5.822822;random
670000;1000000;10;13865.800000;1386.580000;478.525900;445.976300;462.077800;4785.259000;4459.763000;4620.778000;5.826075;random
675000;1000000;10;13927.619000;1392.761900;480.021900;449.137800;463.602200;4800.219000;4491.378000;4636.022000;5.829304;random
680000;1000000;10;14164.674000;1416.467400;486.487600;458.270800;471.709000;4864.876000;4582.708000;4717.090000;5.832509;random
685000;1000000;10;14018.174000;1401.817400;483.747600;450.832600;467.237200;4837.476000;4508.326000;4672.372000;5.835690;random
690000;1000000;10;13974.599000;1397.459900;480.848200;452.290900;464.320800;4808.482000;4522.909000;4643.208000;5.838849;random
695000;1000000;10;14120.915000;1412.091500;487.159100;456.970900;467.961500;4871.591000;4569.709000;4679.615000;5.841985;random
700000;1000000;10;14278.881000;1427.888100;493.032600;462.735200;472.120300;4930.326000;4627.352000;4721.203000;5.845098;random
705000;1000000;10;14091.891000;1409.189100;485.025200;456.309600;467.854300;4850.252000;4563.096000;4678.543000;5.848189;random
710000;1000000;10;14410.150000;1441.015000;493.355500;465.867800;481.791700;4933.555000;4658.678000;4817.917000;5.851258;random
715000;1000000;10;14666.987000;1466.698700;507.015500;475.985600;483.697600;5070.155000;4759.856000;4836.976000;5.854306;random
720000;1000000;10;14795.740000;1479.574000;506.522000;482.544900;490.507100;5065.220000;4825.449000;4905.071000;5.857333;random
725000;1000000;10;15110.331000;1511.033100;519.992200;482.935300;508.105600;5199.922000;4829.353000;5081.056000;5.860338;random
730000;1000000;10;15189.166000;1518.916600;516.715400;485.477900;516.723300;5167.154000;4854.779000;5167.233000;5.863323;random
735000;1000000;10;15194.567000;1519.456700;520.808200;488.171400;510.477100;5208.082000;4881.714000;5104.771000;5.866287;random
740000;1000000;10;15119.732000;1511.973200;523.668800;484.714200;503.590200;5236.688000;4847.142000;5035.902000;5.869232;random
745000;1000000;10;15388.021000;1538.802100;526.062600;495.533100;517.206400;5260.626000;4955.331000;5172.064000;5.872156;random
750000;1000000;10;15302.867000;1530.286700;526.132700;494.576600;509.577400;5261.327000;4945.766000;5095.774000;5.875061;random
755000;1000000;10;15649.013000;1564.901300;541.082800;505.557900;518.260600;5410.828000;5055.579000;5182.606000;5.877947;random
760000;1000000;10;15455.414000;1545.541400;527.923100;509.513700;508.104600;5279.231000;5095.137000;5081.046000;5.880814;random
765000;1000000;10;15682.824000;1568.282400;543.700300;510.043000;514.539100;5437.003000;5100.430000;5145.391000;5.883661;random
770000;1000000;10;15873.520000;1587.352000;543.971800;514.082100;529.298100;5439.718000;5140.821000;5292.981000;5.886491;random
775000;1000000;10;15961.207000;1596.120700;547.468300;524.754000;523.898400;5474.683000;5247.540000;5238.984000;5.889302;random
780000;1000000;10;16452.842000;1645.284200;565.039200;533.251200;546.993800;5650.392000;5332.512000;5469.938000;5.892095;random
785000;1000000;10;16688.563000;1668.856300;578.117400;541.599600;549.139300;5781.174000;5415.996000;5491.393000;5.894870;random
790000;1000000;10;16650.022000;1665.002200;576.335800;543.195800;545.470600;5763.358000;5431.958000;5454.706000;5.897627;random
795000;1000000;10;16690.605000;1669.060500;576.298600;544.757100;548.004800;5762.986000;5447.571000;5480.048000;5.900367;random
800000;1000000;10;16609.294000;1660.929400;574.257900;539.789900;546.881600;5742.579000;5397.899000;5468.816000;5.903090;random
805000;1000000;10;17037.499000;1703.749900;589.994400;556.679500;557.076000;5899.944000;5566.795000;5570.760000;5.905796;random
810000;1000000;10;16754.692000;1675.469200;577.959600;548.961600;548.548000;5779.596000;5489.616000;5485.480000;5.908485;random
815000;1000000;10;16889.097000;1688.909700;580.096400;552.063200;556.750100;5800.964000;5520.632000;5567.501000;5.911158;random
820000;1000000;10;16990.427000;1699.042700;583.478400;554.638900;560.925400;5834.784000;5546.389000;5609.254000;5.913814;random
825000;1000000;10;17458.196000;1745.819600;597.358100;580.846800;567.614700;5973.581000;5808.468000;5676.147000;5.916454;random
830000;1000000;10;17502.856000;1750.285600;602.709100;572.432000;575.144500;6027.091000;5724.320000;5751.445000;5.919078;random
835000;1000000;10;17569.300000;1756.930000;608.503700;573.149400;575.276900;6085.037000;5731.494000;5752.769000;5.921687;random
840000;1000000;10;17464.381000;1746.438100;600.643500;571.727700;574.066900;6006.435000;5717.277000;5740.669000;5.924279;random
845000;1000000;10;17647.929000;1764.792900;607.587800;578.033600;579.171500;6075.878000;5780.336000;5791.715000;5.926857;random
850000;1000000;10;17660.743000;1766.074300;609.225800;580.021000;576.827500;6092.258000;5800.210000;5768.275000;5.929419;random
855000;1000000;10;17812.451000;1781.245100;614.216000;587.253600;579.775500;6142.160000;5872.536000;5797.755000;5.931966;random
860000;1000000;10;17652.919000;1765.291900;608.727000;577.522900;579.042000;6087.270000;5775.229000;5790.420000;5.934498;random
865000;1000000;10;17939.633000;1793.963300;619.796700;588.193100;585.973500;6197.967000;5881.931000;5859.735000;5.937016;random
870000;1000000;10;18067.257000;1806.725700;621.488500;592.293400;592.943800;6214.885000;5922.934000;5929.438000;5.939519;random
875000;1000000;10;18456.732000;1845.673200;636.867100;604.960500;603.845600;6368.671000;6049.605000;6038.456000;5.942008;random
880000;1000000;10;18703.779000;1870.377900;644.663900;613.680700;612.033300;6446.639000;6136.807000;6120.333000;5.944483;random
885000;1000000;10;18684.287000;1868.428700;648.002100;612.846400;607.580200;6480.021000;6128.464000;6075.802000;5.946943;random
890000;1000000;10;19106.464000;1910.646400;661.763600;623.899400;624.983400;6617.636000;6238.994000;6249.834000;5.949390;random
895000;1000000;10;19115.864000;1911.586400;663.363600;625.163200;623.059600;6633.636000;6251.632000;6230.596000;5.951823;random
900000;1000000;10;18810.583000;1881.058300;648.193800;617.579500;615.285000;6481.938000;6175.795000;6152.850000;5.954243;random
905000;1000000;10;18912.287000;1891.228700;652.061300;621.653800;617.513600;6520.613000;6216.538000;6175.136000;5.956649;random
910000;1000000;10;19166.541000;1916.654100;658.423900;632.403000;625.827200;6584.239000;6324.030000;6258.272000;5.959042;random
915000;1000000;10;19047.648000;1904.764800;655.249200;626.196400;623.319200;6552.492000;6261.964000;6233.192000;5.961421;random
920000;1000000;10;19465.649000;1946.564900;674.826900;639.546400;632.191600;6748.269000;6395.464000;6321.916000;5.963788;random
925000;1000000;10;19793.633000;1979.363300;681.516000;653.953100;643.894200;6815.160000;6539.531000;6438.942000;5.966142;random
930000;1000000;10;19586.028000;1958.602800;673.101000;648.352200;637.149600;6731.010000;6483.522000;6371.496000;5.968483;random
935000;1000000;10;19730.892000;1973.089200;684.416800;648.213300;640.459100;6844.168000;6482.133000;6404.591000;5.970812;random
940000;1000000;10;20242.272000;2024.227200;695.231800;657.338300;671.657100;6952.318000;6573.383000;6716.571000;5.973128;random
945000;1000000;10;21576.586000;2157.658600;747.296900;708.860600;701.501100;7472.969000;7088.606000;7015.011000;5.975432;random
950000;1000000;10;20609.305000;2060.930500;714.977600;684.868600;661.084300;7149.776000;6848.686000;6610.843000;5.977724;random
955000;1000000;10;20773.217000;2077.321700;718.644600;689.716700;668.960400;7186.446000;6897.167000;6689.604000;5.980003;random
960000;1000000;10;20889.939000;2088.993900;727.015600;691.614800;670.363500;7270.156000;6916.148000;6703.635000;5.982271;random
965000;1000000;10;21311.654000;2131.165400;743.510800;703.211700;684.442900;7435.108000;7032.117000;6844.429000;5.984528;random
970000;1000000;10;22698.555000;2269.855500;780.965100;748.008400;740.882000;7809.651000;7480.084000;7408.820000;5.986772;random
975000;1000000;10;23020.977000;2302.097700;822.662500;726.035900;753.399300;8226.625000;7260.359000;7533.993000;5.989005;random
980000;1000000;10;21281.079000;2128.107900;728.175600;707.673500;692.258800;7281.756000;7076.735000;6922.588000;5.991226;random
985000;1000000;10;21034.495000;2103.449500;729.949500;692.195200;681.304800;7299.495000;6921.952000;6813.048000;5.993436;random
990000;1000000;10;21376.981000;2137.698100;736.486400;706.581100;694.630600;7364.864000;7065.811000;6946.306000;5.995635;random
995000;1000000;10;23432.736000;2343.273600;800.393600;752.896900;789.983100;8003.936000;7528.969000;7899.831000;5.997823;random
1000000;1000000;10;22478.420000;2247.842000;793.147800;735.837100;718.857100;7931.478000;7358.371000;7188.571000;6.000000;random
10000;1000000;10;64.969000;6.496900;2.779400;1.723300;1.994200;27.794000;17.233000;19.942000;4.000000;random_array
15000;1000000;10;92.135000;9.213500;3.428700;2.675100;3.109700;34.287000;26.751000;31.097000;4.176091;random_array
20000;1000000;10;133.869000;13.386900;4.977100;4.025500;4.384300;49.771000;40.255000;43.843000;4.301030;random_array
25000;1000000;10;179.167000;17.916700;6.846000;5.218300;5.852400;68.460000;52.183000;58.524000;4.397940;random_array
30000;1000000;10;225.269000;22.526900;8.207000;6.747300;7.572600;82.070000;67.473000;75.726000;4.477121;random_array
35000;1000000;10;280.206000;28.020600;10.115200;8.529700;9.375700;101.152000;85.297000;93.757000;4.544068;random_array
40000;1000000;10;332.225000;33.222500;12.190100;10.076000;10.956400;121.901000;100.760000;109.564000;4.602060;random_array
45000;1000000;10;384.836000;38.483600;14.328200;12.007100;12.148300;143.282000;120.071000;121.483000;4.653213;random_array
50000;1000000;10;512.712000;51.271200;19.917100;14.396100;16.958000;199.171000;143.961000;169.580000;4.698970;random_array
55000;1000000;10;527.975000;52.797500;18.795700;15.517100;18.484700;187.957000;155.171000;184.847000;4.740363;random_array
60000;1000000;10;582.589000;58.258900;20.242900;17.246600;20.769400;202.429000;172.466000;207.694000;4.778152;random_array
65000;1000000;10;631.003000;63.100300;22.176000;18.742900;22.181400;221.760000;187.429000;221.814000;4.812913;random_array
70000;1000000;10;687.017000;68.701700;24.124500;20.567700;24.009500;241.245000;205.677000;240.095000;4.845098;random_array
75000;1000000;10;690.010000;69.001000;28.448300;21.883100;18.669600;284.483000;218.831000;186.696000;4.875061;random_array
80000;1000000;10;892.209000;89.220900;32.307300;25.635000;31.278600;323.073000;256.350000;312.786000;4.903090;random_array
85000;1000000;10;891.030000;89.103000;31.575300;25.918200;31.609500;315.753000;259.182000;316.095000;4.929419;random_array
90000;1000000;10;885.434000;88.543400;32.458800;26.860400;29.224200;324.588000;268.604000;292.242000;4.954243;random_array
95000;1000000;10;1020.242000;102.024200;35.283600;30.718900;36.021700;352.836000;307.189000;360.217000;4.977724;random_array
100000;1000000;10;1009.893000;100.989300;35.346500;30.132900;35.509900;353.465000;301.329000;355.099000;5.000000;random_array
105000;1000000;10;1103.325000;110.332500;38.457600;33.071300;38.803600;384.576000;330.713000;388.036000;5.021189;random_array
110000;1000000;10;1135.358000;113.535800;40.427800;34.738800;38.369200;404.278000;347.388000;383.692000;5.041393;random_array
115000;1000000;10;1264.732000;126.473200;42.804300;38.743700;44.925200;428.043000;387.437000;449.252000;5.060698;random_array
120000;1000000;10;1297.600000;129.760000;45.335100;38.918000;45.506900;453.351000;389.180000;455.069000;5.079181;random_array
125000;1000000;10;1373.159000;137.315900;47.297800;41.703800;48.314300;472.978000;417.038000;483.143000;5.096910;random_array
130000;1000000;10;1335.923000;133.592300;47.224000;41.548200;44.820100;472.240000;415.482000;448.201000;5.113944;random_array
135000;1000000;10;1480.973000;148.097300;49.386100;46.743500;51.967700;493.861000;467.435000;519.677000;5.130334;random_array
140000;1000000;10;1533.114000;153.311400;52.411700;47.200100;53.699600;524.117000;472.001000;536.996000;5.146128;random_array
150000;1000000;10;1629.265000;162.926500;56.334000;50.446400;56.146100;563.340000;504.464000;561.461000;5.176091;random_array
155000;1000000;10;1461.151000;146.115100;61.734100;49.075700;35.305300;617.341000;490.757000;353.053000;5.190331;random_array
160000;1000000;10;1903.574000;190.357400;66.569700;58.978600;64.809100;665.697000;589.786000;648.091000;5.204120;random_array
165000;1000000;10;1930.807000;193.080700;65.021100;60.071400;67.988200;650.211000;600.714000;679.882000;5.217484;random_array
170000;1000000;10;1697.509000;169.750900;68.647700;57.017300;44.085900;686.477000;570.173000;440.859000;5.230449;random_array
175000;1000000;10;2122.577000;212.257700;72.124200;67.664900;72.468600;721.242000;676.649000;724.686000;5.243038;random_array
180000;1000000;10;1789.802000;178.980200;74.653700;62.041800;42.284700;746.537000;620.418000;422.847000;5.255272;random_array
185000;1000000;10;2144.225000;214.422500;75.439300;66.437600;72.545600;754.393000;664.376000;725.456000;5.267172;random_array
190000;1000000;10;2237.661000;223.766100;77.480200;69.895700;76.390200;774.802000;698.957000;763.902000;5.278754;random_array
195000;1000000;10;2144.316000;214.431600;78.951600;72.743700;62.736300;789.516000;727.437000;627.363000;5.290035;random_array
200000;1000000;10;2090.562000;209.056200;81.968200;71.281600;55.806400;819.682000;712.816000;558.064000;5.301030;random_array
205000;1000000;10;2568.988000;256.898800;84.291800;84.220300;88.386700;842.918000;842.203000;883.867000;5.311754;random_array
210000;1000000;10;2656.113000;265.611300;89.805500;83.990100;91.815700;898.055000;839.901000;918.157000;5.322219;random_array
215000;1000000;10;2503.901000;250.390100;90.061900;80.320300;80.007900;900.619000;803.203000;800.079000;5.332438;random_array
220000;1000000;10;2689.680000;268.968000;92.286300;87.046200;89.635500;922.863000;870.462000;896.355000;5.342422;random_array
225000;1000000;10;2537.646000;253.764600;94.344300;85.827000;73.593300;943.443000;858.270000;735.933000;5.352182;random_array
230000;1000000;10;2817.405000;281.740500;96.425100;93.944400;91.371000;964.251000;939.444000;913.710000;5.361728;random_array
235000;1000000;10;3077.930000;307.793000;100.347800;98.438300;109.006900;1003.478000;984.383000;1090.069000;5.371068;random_array
240000;1000000;10;3309.233000;330.923300;109.715700;109.072700;112.134900;1097.157000;1090.727000;1121.349000;5.380211;random_array
245000;1000000;10;3409.782000;340.978200;112.374000;112.149800;116.454400;1123.740000;1121.498000;1164.544000;5.389166;random_array
250000;1000000;10;3263.341000;326.334100;111.553000;107.175900;107.605200;1115.530000;1071.759000;1076.052000;5.397940;random_array
255000;1000000;10;3668.357000;366.835700;120.775700;121.042800;125.017200;1207.757000;1210.428000;1250.172000;5.406540;random_array
260000;1000000;10;3865.738000;386.573800;130.717000;124.771700;131.085100;1307.170000;1247.717000;1310.851000;5.414973;random_array
265000;1000000;10;3225.522000;322.552200;122.278800;111.931800;88.341600;1222.788000;1119.318000;883.416000;5.423246;random_array
270000;1000000;10;3687.044000;368.704400;125.572600;124.535200;118.596600;1255.726000;1245.352000;1185.966000;5.431364;random_array
275000;1000000;10;4154.840000;415.484000;136.469200;138.343200;140.671600;1364.692000;1383.432000;1406.716000;5.439332;random_array
280000;1000000;10;4282.121000;428.212100;148.595600;140.977900;138.638600;1485.956000;1409.779000;1386.386000;5.447158;random_array
285000;1000000;10;4118.570000;411.857000;143.880600;137.797900;130.178500;1438.806000;1377.979000;1301.785000;5.454845;random_array
290000;1000000;10;4111.914000;411.191400;149.486100;141.807300;119.898000;1494.861000;1418.073000;1198.980000;5.462398;random_array
295000;1000000;10;3985.686000;398.568600;162.571900;146.985500;89.011200;1625.719000;1469.855000;890.112000;5.469822;random_array
300000;1000000;10;4001.079000;400.107900;153.930500;140.800100;105.377300;1539.305000;1408.001000;1053.773000;5.477121;random_array
305000;1000000;10;4745.962000;474.596200;161.991200;155.650800;156.954200;1619.912000;1556.508000;1569.542000;5.484300;random_array
310000;1000000;10;5146.565000;514.656500;182.282900;164.927900;167.445700;1822.829000;1649.279000;1674.457000;5.491362;random_array
315000;1000000;10;4838.448000;483.844800;163.915800;160.305900;159.623100;1639.158000;1603.059000;1596.231000;5.498311;random_array
320000;1000000;10;4917.686000;491.768600;173.432800;159.956100;158.379700;1734.328000;1599.561000;1583.797000;5.505150;random_array
325000;1000000;10;5221.211000;522.121100;190.367400;170.164300;161.589400;1903.674000;1701.643000;1615.894000;5.511883;random_array
330000;1000000;10;5630.508000;563.050800;198.142900;179.629800;185.278100;1981.429000;1796.298000;1852.781000;5.518514;random_array
335000;1000000;10;5524.187000;552.418700;202.195400;178.029100;172.194200;2021.954000;1780.291000;1721.942000;5.525045;random_array
340000;1000000;10;5577.880000;557.788000;206.157000;187.573200;164.057800;2061.570000;1875.732000;1640.578000;5.531479;random_array
345000;1000000;10;5810.777000;581.077700;209.737500;191.632400;179.707800;2097.375000;1916.324000;1797.078000;5.537819;random_array
350000;1000000;10;5671.968000;567.196800;211.214800;192.905500;163.076500;2112.148000;1929.055000;1630.765000;5.544068;random_array
355000;1000000;10;5735.511000;573.551100;209.747500;192.167900;171.635700;2097.475000;1921.679000;1716.357000;5.550228;random_array
360000;1000000;10;6161.469000;616.146900;232.977700;210.311700;172.857500;2329.777000;2103.117000;1728.575000;5.556303;random_array
365000;1000000;10;6370.451000;637.045100;227.296200;210.177600;199.571300;2272.962000;2101.776000;1995.713000;5.562293;random_array
370000;1000000;10;5899.806000;589.980600;213.707300;198.696400;177.576900;2137.073000;1986.964000;1775.769000;5.568202;random_array
375000;1000000;10;6869.548000;686.954800;246.395600;225.534500;215.024700;2463.956000;2255.345000;2150.247000;5.574031;random_array
380000;1000000;10;6333.534000;633.353400;229.269300;206.419200;197.664900;2292.693000;2064.192000;1976.649000;5.579783;random_array
385000;1000000;10;6553.316000;655.331600;238.422900;215.184000;201.724700;2384.229000;2151.840000;2017.247000;5.585461;random_array
390000;1000000;10;6292.851000;629.285100;251.165600;219.756900;158.362600;2511.656000;2197.569000;1583.626000;5.591064;random_array
395000;1000000;10;7432.226000;743.222600;267.739000;241.735000;233.748600;2677.390000;2417.350000;2337.486000;5.596597;random_array
400000;1000000;10;6705.321000;670.532100;252.963300;224.256200;193.312600;2529.633000;2242.562000;1933.126000;5.602060;random_array
405000;1000000;10;6774.828000;677.482800;252.332900;232.901100;192.248800;2523.329000;2329.011000;1922.488000;5.607455;random_array
410000;1000000;10;7055.355000;705.535500;261.236200;240.778000;203.521300;2612.362000;2407.780000;2035.213000;5.612784;random_array
415000;1000000;10;7325.848000;732.584800;258.512300;238.421500;235.651000;2585.123000;2384.215000;2356.510000;5.618048;random_array
420000;1000000;10;7656.453000;765.645300;266.096200;251.159500;248.389600;2660.962000;2511.595000;2483.896000;5.623250;random_array
425000;1000000;10;7190.057000;719.005700;274.796600;240.335500;203.873600;2747.966000;2403.355000;2038.736000;5.628389;random_array
430000;1000000;10;7200.719000;720.071900;259.113900;239.046000;221.912000;2591.139000;2390.460000;2219.120000;5.633469;random_array
435000;1000000;10;7758.490000;775.849000;268.528500;260.685600;246.634900;2685.285000;2606.856000;2466.349000;5.638489;random_array
440000;1000000;10;7605.425000;760.542500;262.566800;253.538700;244.437000;2625.668000;2535.387000;2444.370000;5.643453;random_array
445000;1000000;10;7305.523000;730.552300;280.459400;259.902800;190.190100;2804.594000;2599.028000;1901.901000;5.648360;random_array
450000;1000000;10;8291.567000;829.156700;292.276900;277.193500;259.686300;2922.769000;2771.935000;2596.863000;5.653213;random_array
455000;1000000;10;7552.387000;755.238700;281.897200;260.895600;212.445900;2818.972000;2608.956000;2124.459000;5.658011;random_array
460000;1000000;10;7797.468000;779.746800;283.762300;262.983000;233.001500;2837.623000;2629.830000;2330.015000;5.662758;random_array
465000;1000000;10;8318.209000;831.820900;297.127700;276.499600;258.193600;2971.277000;2764.996000;2581.936000;5.667453;random_array
470000;1000000;10;8177.032000;817.703200;289.902000;272.608000;255.193200;2899.020000;2726.080000;2551.932000;5.672098;random_array
475000;1000000;10;9018.764000;901.876400;319.661000;296.573000;285.642400;3196.610000;2965.730000;2856.424000;5.676693;random_array
480000;1000000;10;8345.160000;834.516000;296.587100;276.007000;261.921900;2965.871000;2760.070000;2619.219000;5.681241;random_array
485000;1000000;10;9249.548000;924.954800;328.011100;305.573500;291.370200;3280.111000;3055.735000;2913.702000;5.685742;random_array
490000;1000000;10;8425.322000;842.532200;309.447400;282.691000;250.393800;3094.474000;2826.910000;2503.938000;5.690196;random_array
495000;1000000;10;9418.721000;941.872100;329.179900;308.918400;303.773800;3291.799000;3089.184000;3037.738000;5.694605;random_array
500000;1000000;10;9026.022000;902.602200;336.078900;307.816100;258.707200;3360.789000;3078.161000;2587.072000;5.698970;random_array
505000;1000000;10;9334.057000;933.405700;327.923300;304.970700;300.511700;3279.233000;3049.707000;3005.117000;5.703291;random_array
510000;1000000;10;9629.007000;962.900700;337.937600;313.553800;311.409300;3379.376000;3135.538000;3114.093000;5.707570;random_array
515000;1000000;10;9078.981000;907.898100;347.362300;308.953400;251.582400;3473.623000;3089.534000;2515.824000;5.711807;random_array
520000;1000000;10;8792.679000;879.267900;337.622200;303.655900;237.989800;3376.222000;3036.559000;2379.898000;5.716003;random_array
525000;1000000;10;9282.936000;928.293600;330.874600;309.845400;287.573600;3308.746000;3098.454000;2875.736000;5.720160;random_array
530000;1000000;10;9396.258000;939.625800;347.726900;313.795100;278.103800;3477.269000;3137.951000;2781.038000;5.724276;random_array
535000;1000000;10;9305.567000;930.556700;359.227900;326.849800;244.479000;3592.279000;3268.498000;2444.790000;5.728354;random_array
540000;1000000;10;9940.451000;994.045100;354.482400;323.985700;315.577000;3544.824000;3239.857000;3155.770000;5.732394;random_array
545000;1000000;10;10233.646000;1023.364600;359.034600;342.970100;321.359900;3590.346000;3429.701000;3213.599000;5.736396;random_array
550000;1000000;10;10332.587000;1033.258700;366.964800;339.429500;326.864400;3669.648000;3394.295000;3268.644000;5.740363;random_array
555000;1000000;10;9223.398000;922.339800;388.942800;339.755500;193.641500;3889.428000;3397.555000;1936.415000;5.744293;random_array
560000;1000000;10;10360.973000;1036.097300;369.048300;342.275700;324.773300;3690.483000;3422.757000;3247.733000;5.748188;random_array
565000;1000000;10;9509.370000;950.937000;378.206700;337.134700;235.595600;3782.067000;3371.347000;2355.956000;5.752048;random_array
570000;1000000;10;10518.741000;1051.874100;361.641200;340.624000;349.608900;3616.412000;3406.240000;3496.089000;5.755875;random_array
575000;1000000;10;10944.066000;1094.406600;368.508300;353.070900;372.827400;3685.083000;3530.709000;3728.274000;5.759668;random_array
580000;1000000;10;10916.821000;1091.682100;364.802100;353.869200;373.010800;3648.021000;3538.692000;3730.108000;5.763428;random_array
585000;1000000;10;11699.471000;1169.947100;381.694500;377.817900;410.434700;3816.945000;3778.179000;4104.347000;5.767156;random_array
590000;1000000;10;13729.438000;1372.943800;471.765400;435.886800;465.291600;4717.654000;4358.868000;4652.916000;5.770852;random_array
595000;1000000;10;13619.654000;1361.965400;458.379900;449.616500;453.969000;4583.799000;4496.165000;4539.690000;5.774517;random_array
600000;1000000;10;11645.049000;1164.504900;399.163300;377.392200;387.949400;3991.633000;3773.922000;3879.494000;5.778151;random_array
605000;1000000;10;11415.465000;1141.546500;383.762700;373.061400;384.722400;3837.627000;3730.614000;3847.224000;5.781755;random_array
610000;1000000;10;11448.649000;1144.864900;386.114200;376.064900;382.685800;3861.142000;3760.649000;3826.858000;5.785330;random_array
615000;1000000;10;11691.231000;1169.123100;394.410400;379.334200;395.378500;3944.104000;3793.342000;3953.785000;5.788875;random_array
620000;1000000;10;13406.683000;1340.668300;453.987100;448.295400;438.385800;4539.871000;4482.954000;4383.858000;5.792392;random_array
625000;1000000;10;15736.128000;1573.612800;534.797000;507.850400;530.965400;5347.970000;5078.504000;5309.654000;5.795880;random_array
630000;1000000;10;14729.147000;1472.914700;500.214600;470.830900;501.869200;5002.146000;4708.309000;5018.692000;5.799341;random_array
635000;1000000;10;12310.672000;1231.067200;417.765000;403.309400;409.992800;4177.650000;4033.094000;4099.928000;5.802774;random_array
640000;1000000;10;12292.090000;1229.209000;415.945300;402.824300;410.439400;4159.453000;4028.243000;4104.394000;5.806180;random_array
645000;1000000;10;14497.721000;1449.772100;466.700200;492.445100;490.626800;4667.002000;4924.451000;4906.268000;5.809560;random_array
650000;1000000;10;16023.159000;1602.315900;546.041900;517.462300;538.811700;5460.419000;5174.623000;5388.117000;5.812913;random_array
655000;1000000;10;16335.974000;1633.597400;550.948000;534.514500;548.134900;5509.480000;5345.145000;5481.349000;5.816241;random_array
660000;1000000;10;13365.514000;1336.551400;469.273800;440.550200;426.727400;4692.738000;4405.502000;4267.274000;5.819544;random_array
665000;1000000;10;14164.374000;1416.437400;470.475700;459.103300;486.858400;4704.757000;4591.033000;4868.584000;5.822822;random_array
670000;1000000;10;16938.732000;1693.873200;585.228600;543.739600;564.905000;5852.286000;5437.396000;5649.050000;5.826075;random_array
675000;1000000;10;16940.964000;1694.096400;583.252200;546.000000;564.844200;5832.522000;5460.000000;5648.442000;5.829304;random_array
680000;1000000;10;15754.726000;1575.472600;551.701300;514.942200;508.829100;5517.013000;5149.422000;5088.291000;5.832509;random_array
685000;1000000;10;13288.153000;1328.815300;453.419900;438.965800;436.429600;4534.199000;4389.658000;4364.296000;5.835690;random_array
690000;1000000;10;13580.724000;1358.072400;460.034100;449.119300;448.919000;4600.341000;4491.193000;4489.190000;5.838849;random_array
695000;1000000;10;13763.437000;1376.343700;466.222300;456.721000;453.400400;4662.223000;4567.210000;4534.004000;5.841985;random_array
700000;1000000;10;14031.494000;1403.149400;479.413400;465.216700;458.519300;4794.134000;4652.167000;4585.193000;5.845098;random_array
705000;1000000;10;14223.965000;1422.396500;481.350200;460.945800;480.100500;4813.502000;4609.458000;4801.005000;5.848189;random_array
710000;1000000;10;13710.032000;1371.003200;468.972600;447.752800;454.277800;4689.726000;4477.528000;4542.778000;5.851258;random_array
715000;1000000;10;13746.655000;1374.665500;470.777800;449.713200;454.174500;4707.778000;4497.132000;4541.745000;5.854306;random_array
720000;1000000;10;14098.845000;1409.884500;484.058800;459.359400;466.466300;4840.588000;4593.594000;4664.663000;5.857333;random_array
725000;1000000;10;13839.074000;1383.907400;473.353300;452.636800;457.917300;4733.533000;4526.368000;4579.173000;5.860338;random_array
730000;1000000;10;14062.131000;1406.213100;482.443100;459.686900;464.083100;4824.431000;4596.869000;4640.831000;5.863323;random_array
735000;1000000;10;14193.707000;1419.370700;483.415100;465.968900;469.986700;4834.151000;4659.689000;4699.867000;5.866287;random_array
740000;1000000;10;14207.440000;1420.744000;489.281100;466.189900;465.273000;4892.811000;4661.899000;4652.730000;5.869232;random_array
745000;1000000;10;14425.170000;1442.517000;497.096700;471.302500;474.117800;4970.967000;4713.025000;4741.178000;5.872156;random_array
750000;1000000;10;14722.663000;1472.266300;505.442200;482.921400;483.902700;5054.422000;4829.214000;4839.027000;5.875061;random_array
755000;1000000;10;14908.344000;1490.834400;511.408700;486.266100;493.159600;5114.087000;4862.661000;4931.596000;5.877947;random_array
760000;1000000;10;15026.547000;1502.654700;518.782600;487.284000;496.588100;5187.826000;4872.840000;4965.881000;5.880814;random_array
765000;1000000;10;15385.751000;1538.575100;533.243500;493.545400;511.786200;5332.435000;4935.454000;5117.862000;5.883661;random_array
770000;1000000;10;15316.580000;1531.658000;523.733100;498.869100;509.055800;5237.331000;4988.691000;5090.558000;5.886491;random_array
775000;1000000;10;17697.771000;1769.777100;580.023800;581.049200;608.704100;5800.238000;5810.492000;6087.041000;5.889302;random_array
780000;1000000;10;18258.082000;1825.808200;630.772100;574.984600;620.051500;6307.721000;5749.846000;6200.515000;5.892095;random_array
785000;1000000;10;15636.659000;1563.665900;540.633600;520.497200;502.535100;5406.336000;5204.972000;5025.351000;5.894870;random_array
790000;1000000;10;16262.928000;1626.292800;567.949400;543.518600;514.824800;5679.494000;5435.186000;5148.248000;5.897627;random_array
795000;1000000;10;16910.670000;1691.067000;580.143200;571.221200;539.702600;5801.432000;5712.212000;5397.026000;5.900367;random_array
800000;1000000;10;16166.211000;1616.621100;556.792300;539.332600;520.496200;5567.923000;5393.326000;5204.962000;5.903090;random_array
805000;1000000;10;16224.468000;1622.446800;553.542700;545.267800;523.636300;5535.427000;5452.678000;5236.363000;5.905796;random_array
810000;1000000;10;16429.117000;1642.911700;563.240500;549.050600;530.620600;5632.405000;5490.506000;5306.206000;5.908485;random_array
815000;1000000;10;16531.247000;1653.124700;565.712500;551.492600;535.919600;5657.125000;5514.926000;5359.196000;5.911158;random_array
820000;1000000;10;17953.603000;1795.360300;608.357100;577.072500;609.930700;6083.571000;5770.725000;6099.307000;5.913814;random_array
825000;1000000;10;16476.337000;1647.633700;572.286800;548.369900;526.977000;5722.868000;5483.699000;5269.770000;5.916454;random_array
830000;1000000;10;17036.322000;1703.632200;577.321600;551.073200;575.237400;5773.216000;5510.732000;5752.374000;5.919078;random_array
835000;1000000;10;16269.142000;1626.914200;557.559000;538.126200;531.229000;5575.590000;5381.262000;5312.290000;5.921687;random_array
840000;1000000;10;16675.548000;1667.554800;563.164400;545.168600;559.221800;5631.644000;5451.686000;5592.218000;5.924279;random_array
845000;1000000;10;19615.561000;1961.556100;674.356700;636.527400;650.672000;6743.567000;6365.274000;6506.720000;5.926857;random_array
850000;1000000;10;20891.002000;2089.100200;720.835400;678.296400;689.968400;7208.354000;6782.964000;6899.684000;5.929419;random_array
855000;1000000;10;19883.223000;1988.322300;706.746800;641.548300;640.027200;7067.468000;6415.483000;6400.272000;5.931966;random_array
860000;1000000;10;19051.913000;1905.191300;650.731700;615.437600;639.022000;6507.317000;6154.376000;6390.220000;5.934498;random_array
865000;1000000;10;18780.846000;1878.084600;652.388000;616.520700;609.175900;6523.880000;6165.207000;6091.759000;5.937016;random_array
870000;1000000;10;20134.401000;2013.440100;691.989700;640.728500;680.721900;6919.897000;6407.285000;6807.219000;5.939519;random_array
875000;1000000;10;21025.159000;2102.515900;710.998200;699.162400;692.355300;7109.982000;6991.624000;6923.553000;5.942008;random_array
880000;1000000;10;19397.372000;1939.737200;671.028700;640.739700;627.968800;6710.287000;6407.397000;6279.688000;5.944483;random_array
885000;1000000;10;19435.272000;1943.527200;675.158200;638.884400;629.484600;6751.582000;6388.844000;6294.846000;5.946943;random_array
890000;1000000;10;20955.210000;2095.521000;701.685300;691.475400;702.360300;7016.853000;6914.754000;7023.603000;5.949390;random_array
895000;1000000;10;21017.017000;2101.701700;715.660200;716.107400;669.934100;7156.602000;7161.074000;6699.341000;5.951823;random_array
900000;1000000;10;21190.231000;2119.023100;739.155700;675.348000;704.519400;7391.557000;6753.480000;7045.194000;5.954243;random_array
905000;1000000;10;19957.744000;1995.774400;695.524000;656.989400;643.261000;6955.240000;6569.894000;6432.610000;5.956649;random_array
910000;1000000;10;19712.842000;1971.284200;678.924400;656.776400;635.583400;6789.244000;6567.764000;6355.834000;5.959042;random_array
915000;1000000;10;23381.608000;2338.160800;800.446800;747.468300;790.245700;8004.468000;7474.683000;7902.457000;5.961421;random_array
920000;1000000;10;23179.535000;2317.953500;824.789200;742.996000;750.168300;8247.892000;7429.960000;7501.683000;5.963788;random_array
925000;1000000;10;20136.026000;2013.602600;701.728000;667.235000;644.639600;7017.280000;6672.350000;6446.396000;5.966142;random_array
930000;1000000;10;20495.680000;2049.568000;714.932500;675.400700;659.234800;7149.325000;6754.007000;6592.348000;5.968483;random_array
935000;1000000;10;20694.027000;2069.402700;715.407000;683.911700;670.084000;7154.070000;6839.117000;6700.840000;5.970812;random_array
940000;1000000;10;23059.844000;2305.984400;788.001900;758.360200;759.622300;7880.019000;7583.602000;7596.223000;5.973128;random_array
945000;1000000;10;20513.066000;2051.306600;708.319400;670.075900;672.911300;7083.194000;6700.759000;6729.113000;5.975432;random_array
950000;1000000;10;20677.625000;2067.762500;710.168900;678.661100;678.932500;7101.689000;6786.611000;6789.325000;5.977724;random_array
955000;1000000;10;22884.729000;2288.472900;793.055200;738.870000;756.547700;7930.552000;7388.700000;7565.477000;5.980003;random_array
960000;1000000;10;22612.016000;2261.201600;787.215500;747.060800;726.925300;7872.155000;7470.608000;7269.253000;5.982271;random_array
965000;1000000;10;21604.918000;2160.491800;754.427900;705.728500;700.335400;7544.279000;7057.285000;7003.354000;5.984528;random_array
970000;1000000;10;23356.429000;2335.642900;839.771300;757.097300;738.774300;8397.713000;7570.973000;7387.743000;5.986772;random_array
975000;1000000;10;22898.299000;2289.829900;807.783900;740.229000;741.817000;8077.839000;7402.290000;7418.170000;5.989005;random_array
980000;1000000;10;23622.562000;2362.256200;834.626000;757.063400;770.566800;8346.260000;7570.634000;7705.668000;5.991226;random_array
985000;1000000;10;24278.184000;2427.818400;836.060900;802.356900;789.400600;8360.609000;8023.569000;7894.006000;5.993436;random_array
990000;1000000;10;21956.362000;2195.636200;748.291400;736.110500;711.234300;7482.914000;7361.105000;7112.343000;5.995635;random_array
995000;1000000;10;21912.110000;2191.211000;757.091100;726.367500;707.752400;7570.911000;7263.675000;7077.524000;5.997823;random_array
1000000;1000000;10;21851.795000;2185.179500;759.187500;728.581600;697.410400;7591.875000;7285.816000;6974.104000;6.000000;random_array

